name,type1,type2,hp,attack,defense,special-attack,special-defense,speed,offensive_index,defensive_index,speed_percentile,physical_special_bias,bulk_to_speed_ratio
abomasnow,grass,ice,90,92,75,92,85,60,184,205.0,0.2775700934579439,0.0,3.4166666666666665
absol,dark,,65,130,60,75,60,75,205,152.5,0.4616822429906542,0.2682926829268293,2.033333333333333
accelgor,bug,,80,70,40,100,60,145,170,140.0,0.9925233644859813,-0.17647058823529413,0.9655172413793104
aerodactyl,rock,flying,80,105,65,60,75,130,165,180.0,0.9663551401869159,0.2727272727272727,1.3846153846153846
aggron,steel,rock,70,110,180,60,60,50,170,275.0,0.19065420560747665,0.29411764705882354,5.5
alakazam,psychic,,55,50,45,135,95,120,185,167.5,0.9271028037383178,-0.4594594594594595,1.3958333333333333
alcremie,fairy,,65,60,75,110,121,64,170,228.5,0.3037383177570093,-0.29411764705882354,3.5703125
alomomola,water,,165,75,80,40,45,65,115,207.5,0.32897196261682243,0.30434782608695654,3.1923076923076925
altaria,dragon,flying,75,70,90,70,105,80,140,232.5,0.5214953271028038,0.0,2.90625
ambipom,normal,,75,100,66,60,66,115,160,169.5,0.9009345794392524,0.25,1.4739130434782608
amoonguss,grass,poison,114,85,70,85,80,30,170,207.0,0.044859813084112146,0.0,6.9
ampharos,electric,,90,75,85,115,90,55,190,220.0,0.2308411214953271,-0.21052631578947367,4.0
annihilape,fighting,ghost,110,115,80,50,90,90,165,225.0,0.6429906542056075,0.3939393939393939,2.5
appletun,grass,dragon,110,85,80,100,80,30,185,215.0,0.044859813084112146,-0.08108108108108109,7.166666666666667
araquanid,water,bug,68,70,92,50,132,42,120,258.0,0.11869158878504672,0.16666666666666666,6.142857142857143
arbok,poison,,60,95,69,65,79,80,160,178.0,0.5214953271028038,0.1875,2.225
arboliva,grass,normal,78,69,90,125,109,39,194,238.0,0.09439252336448598,-0.28865979381443296,6.102564102564102
arcanine,fire,,90,110,80,100,80,95,210,205.0,0.702803738317757,0.047619047619047616,2.1578947368421053
arceus,normal,,120,120,120,120,120,120,240,300.0,0.9271028037383178,0.0,2.5
archaludon,steel,dragon,90,105,130,125,65,85,230,240.0,0.5841121495327103,-0.08695652173913043,2.823529411764706
archeops,rock,flying,75,140,65,112,65,110,252,167.5,0.8719626168224299,0.1111111111111111,1.5227272727272727
arctovish,water,ice,90,90,100,80,90,55,170,235.0,0.2308411214953271,0.058823529411764705,4.2727272727272725
arctozolt,electric,ice,90,100,90,90,80,55,190,215.0,0.2308411214953271,0.05263157894736842,3.909090909090909
ariados,bug,poison,70,90,70,60,70,40,150,175.0,0.10654205607476636,0.2,4.375
armaldo,rock,bug,75,125,100,70,80,45,195,217.5,0.14579439252336449,0.28205128205128205,4.833333333333333
armarouge,fire,psychic,85,60,100,125,80,75,185,222.5,0.4616822429906542,-0.35135135135135137,2.966666666666667
aromatisse,fairy,,101,72,72,99,89,29,171,211.5,0.024299065420560748,-0.15789473684210525,7.293103448275862
articuno,ice,flying,90,85,100,95,125,85,180,270.0,0.5841121495327103,-0.05555555555555555,3.176470588235294
audino,normal,,103,60,86,60,86,50,120,223.5,0.19065420560747665,0.0,4.47
aurorus,rock,ice,123,77,72,99,92,58,176,225.5,0.2514018691588785,-0.125,3.8879310344827585
avalugg,ice,,95,117,184,44,46,28,161,277.5,0.020560747663551402,0.453416149068323,9.910714285714286
azelf,psychic,,75,125,70,125,70,115,250,177.5,0.9009345794392524,0.0,1.5434782608695652
azumarill,water,fairy,100,50,80,60,80,50,110,210.0,0.19065420560747665,-0.09090909090909091,4.2
banette,ghost,,64,115,65,83,63,65,198,160.0,0.32897196261682243,0.16161616161616163,2.4615384615384617
barbaracle,rock,water,72,105,115,54,86,68,159,237.0,0.3663551401869159,0.32075471698113206,3.485294117647059
barraskewda,water,,61,123,60,60,50,136,183,140.5,0.9822429906542056,0.3442622950819672,1.0330882352941178
bastiodon,rock,steel,60,52,168,47,138,30,99,336.0,0.044859813084112146,0.050505050505050504,11.2
baxcalibur,dragon,ice,115,145,92,75,86,87,220,235.5,0.611214953271028,0.3181818181818182,2.706896551724138
beartic,ice,,95,130,80,70,80,50,200,207.5,0.19065420560747665,0.3,4.15
beautifly,bug,flying,60,70,50,100,50,65,170,130.0,0.32897196261682243,-0.17647058823529413,2.0
beedrill,bug,poison,65,90,40,45,80,75,135,152.5,0.4616822429906542,0.3333333333333333,2.033333333333333
beheeyem,psychic,,75,75,75,125,95,40,200,207.5,0.10654205607476636,-0.25,5.1875
bellibolt,electric,,109,64,91,103,83,45,167,228.5,0.14579439252336449,-0.23353293413173654,5.0777777777777775
bellossom,grass,,75,80,95,90,100,50,170,232.5,0.19065420560747665,-0.058823529411764705,4.65
bewear,normal,fighting,120,125,80,55,60,60,180,200.0,0.2775700934579439,0.3888888888888889,3.3333333333333335
bibarel,normal,water,79,85,60,55,60,71,140,159.5,0.4289719626168224,0.21428571428571427,2.2464788732394365
blacephalon,fire,ghost,53,127,53,151,79,107,278,158.5,0.8392523364485981,-0.08633093525179857,1.4813084112149533
blastoise,water,,79,83,100,85,105,78,168,244.5,0.48785046728971965,-0.011904761904761904,3.1346153846153846
blaziken,fire,fighting,80,120,70,110,70,80,230,180.0,0.5214953271028038,0.043478260869565216,2.25
blissey,normal,,255,10,10,75,135,55,85,272.5,0.2308411214953271,-0.7647058823529411,4.954545454545454
boltund,electric,,69,90,60,90,60,121,180,154.5,0.9364485981308411,0.0,1.2768595041322315
bombirdier,flying,dark,70,103,85,60,85,82,163,205.0,0.5532710280373832,0.26380368098159507,2.5
bouffalant,normal,,95,110,95,40,95,55,150,237.5,0.2308411214953271,0.4666666666666667,4.318181818181818
brambleghast,grass,ghost,55,115,70,80,70,90,195,167.5,0.6429906542056075,0.1794871794871795,1.8611111111111112
braviary,normal,flying,100,123,75,57,75,80,180,200.0,0.5214953271028038,0.36666666666666664,2.5
breloom,grass,fighting,60,130,80,60,60,70,190,170.0,0.3981308411214953,0.3684210526315789,2.4285714285714284
bronzong,steel,psychic,67,89,116,79,116,33,168,265.5,0.06822429906542056,0.05952380952380952,8.045454545454545
brute-bonnet,grass,dark,111,127,99,79,99,55,206,253.5,0.2308411214953271,0.23300970873786409,4.609090909090909
bruxish,water,psychic,68,105,70,70,70,92,175,174.0,0.6757009345794392,0.2,1.891304347826087
butterfree,bug,flying,60,45,50,90,80,70,135,160.0,0.3981308411214953,-0.3333333333333333,2.2857142857142856
buzzwole,bug,fighting,107,139,139,53,53,79,192,245.5,0.4934579439252336,0.4479166666666667,3.107594936708861
cacturne,grass,dark,70,115,60,115,60,55,230,155.0,0.2308411214953271,0.0,2.8181818181818183
calyrex,psychic,grass,100,80,80,80,80,80,160,210.0,0.5214953271028038,0.0,2.625
camerupt,fire,ground,70,100,70,105,75,40,205,180.0,0.10654205607476636,-0.024390243902439025,4.5
carbink,rock,fairy,50,50,150,50,150,50,100,325.0,0.19065420560747665,0.0,6.5
carnivine,grass,,74,100,72,90,72,46,190,181.0,0.16074766355140188,0.05263157894736842,3.9347826086956523
carracosta,water,rock,74,108,133,83,65,32,191,235.0,0.06448598130841121,0.13089005235602094,7.34375
castform,normal,,70,70,70,70,70,70,140,175.0,0.3981308411214953,0.0,2.5
celebi,psychic,grass,100,100,100,100,100,100,200,250.0,0.7700934579439253,0.0,2.5
celesteela,steel,flying,97,101,103,107,101,61,208,252.5,0.3,-0.028846153846153848,4.139344262295082
centiskorch,fire,bug,100,115,65,90,90,65,205,205.0,0.32897196261682243,0.12195121951219512,3.1538461538461537
ceruledge,fire,ghost,75,125,80,60,100,85,185,217.5,0.5841121495327103,0.35135135135135137,2.5588235294117645
cetitan,ice,,170,113,65,45,55,73,158,205.0,0.44018691588785047,0.43037974683544306,2.808219178082192
chandelure,ghost,fire,60,55,90,145,90,80,200,210.0,0.5214953271028038,-0.45,2.625
charizard,fire,flying,78,84,78,109,85,100,193,202.0,0.7700934579439253,-0.12953367875647667,2.02
chatot,normal,flying,76,65,45,92,42,91,157,125.0,0.6682242990654206,-0.17197452229299362,1.3736263736263736
cherrim,grass,,70,60,70,87,78,85,147,183.0,0.5841121495327103,-0.1836734693877551,2.152941176470588
chesnaught,grass,fighting,88,107,122,74,75,64,181,241.0,0.3037383177570093,0.18232044198895028,3.765625
chi-yu,dark,fire,55,80,80,135,120,100,215,227.5,0.7700934579439253,-0.2558139534883721,2.275
chien-pao,dark,ice,80,120,80,90,65,135,210,185.0,0.9766355140186916,0.14285714285714285,1.3703703703703705
chimecho,psychic,,75,50,80,95,90,65,145,207.5,0.32897196261682243,-0.3103448275862069,3.1923076923076925
cinccino,normal,,75,95,60,65,60,115,160,157.5,0.9009345794392524,0.1875,1.3695652173913044
cinderace,fire,,80,116,75,65,75,119,181,190.0,0.9186915887850468,0.281767955801105,1.596638655462185
clawitzer,water,,71,73,88,120,89,59,193,212.5,0.2560747663551402,-0.24352331606217617,3.6016949152542375
claydol,ground,psychic,60,70,105,70,120,75,140,255.0,0.4616822429906542,0.0,3.4
clefable,fairy,,95,70,73,95,90,60,165,210.5,0.2775700934579439,-0.15151515151515152,3.5083333333333333
clodsire,poison,ground,130,75,60,45,100,20,120,225.0,0.013084112149532711,0.25,11.25
cloyster,water,ice,50,95,180,85,45,70,180,250.0,0.3981308411214953,0.05555555555555555,3.5714285714285716
coalossal,rock,fire,110,80,120,80,90,30,160,265.0,0.044859813084112146,0.0,8.833333333333334
cobalion,steel,fighting,91,90,129,90,72,108,180,246.5,0.8457943925233645,0.0,2.2824074074074074
cofagrigus,ghost,,58,50,145,95,105,30,145,279.0,0.044859813084112146,-0.3103448275862069,9.3
comfey,fairy,,51,52,90,82,110,100,134,225.5,0.7700934579439253,-0.22388059701492538,2.255
conkeldurr,fighting,,105,140,95,55,65,45,195,212.5,0.14579439252336449,0.4358974358974359,4.722222222222222
copperajah,steel,,122,130,69,80,69,30,210,199.0,0.044859813084112146,0.23809523809523808,6.633333333333334
corviknight,flying,steel,98,87,105,53,85,67,140,239.0,0.35887850467289717,0.24285714285714285,3.5671641791044775
crabominable,fighting,ice,97,132,77,62,67,43,194,192.5,0.12429906542056075,0.36082474226804123,4.476744186046512
cradily,rock,grass,86,81,97,81,107,43,162,247.0,0.12429906542056075,0.0,5.744186046511628
cramorant,flying,water,70,85,55,85,95,85,170,185.0,0.5841121495327103,0.0,2.176470588235294
crawdaunt,water,dark,63,120,85,90,55,55,210,171.5,0.2308411214953271,0.14285714285714285,3.118181818181818
cresselia,psychic,,120,70,110,75,120,85,145,290.0,0.5841121495327103,-0.034482758620689655,3.411764705882353
crobat,poison,flying,85,90,80,70,80,130,160,202.5,0.9663551401869159,0.125,1.5576923076923077
crustle,bug,rock,70,105,125,65,75,45,170,235.0,0.14579439252336449,0.23529411764705882,5.222222222222222
cryogonal,ice,,80,50,50,95,135,105,145,225.0,0.8233644859813084,-0.3103448275862069,2.142857142857143
cursola,ghost,,60,95,50,145,130,30,240,210.0,0.044859813084112146,-0.20833333333333334,7.0
cyclizar,dragon,normal,70,95,65,85,65,121,180,165.0,0.9364485981308411,0.05555555555555555,1.3636363636363635
dachsbun,fairy,,57,80,115,50,80,95,130,223.5,0.702803738317757,0.23076923076923078,2.3526315789473684
darkrai,dark,,70,90,90,135,90,125,225,215.0,0.9532710280373832,-0.2,1.72
decidueye,grass,ghost,78,107,75,100,100,70,207,214.0,0.3981308411214953,0.033816425120772944,3.057142857142857
dedenne,electric,fairy,67,58,57,81,67,101,139,157.5,0.797196261682243,-0.16546762589928057,1.5594059405940595
delcatty,normal,,70,65,65,55,55,90,120,155.0,0.6429906542056075,0.08333333333333333,1.7222222222222223
delibird,ice,flying,45,55,45,65,45,75,120,112.5,0.4616822429906542,-0.08333333333333333,1.5
delphox,fire,psychic,75,69,72,114,100,104,183,209.5,0.8121495327102803,-0.2459016393442623,2.014423076923077
dewgong,water,ice,90,70,80,70,95,70,140,220.0,0.3981308411214953,0.0,3.142857142857143
dhelmise,ghost,grass,70,131,100,86,90,40,217,225.0,0.10654205607476636,0.2073732718894009,5.625
dialga,steel,dragon,100,120,120,150,100,90,270,270.0,0.6429906542056075,-0.1111111111111111,3.0
diancie,rock,fairy,50,100,150,100,150,50,200,325.0,0.19065420560747665,0.0,6.5
diggersby,normal,ground,85,56,77,50,77,78,106,196.5,0.48785046728971965,0.05660377358490566,2.519230769230769
ditto,normal,,48,48,48,48,48,48,96,120.0,0.16635514018691588,0.0,2.5
dodrio,normal,flying,60,110,70,60,60,110,170,160.0,0.8719626168224299,0.29411764705882354,1.4545454545454546
dondozo,water,,150,100,115,65,65,35,165,255.0,0.08130841121495327,0.21212121212121213,7.285714285714286
donphan,ground,,90,120,120,60,60,50,180,225.0,0.19065420560747665,0.3333333333333333,4.5
dracovish,water,dragon,90,90,100,70,80,75,160,225.0,0.4616822429906542,0.125,3.0
dracozolt,electric,dragon,90,100,90,80,70,75,180,205.0,0.4616822429906542,0.1111111111111111,2.7333333333333334
dragalge,poison,dragon,65,75,90,97,123,44,172,245.5,0.12990654205607477,-0.12790697674418605,5.579545454545454
dragapult,dragon,ghost,88,120,75,100,75,142,220,194.0,0.9887850467289719,0.09090909090909091,1.3661971830985915
dragonite,dragon,flying,91,134,95,100,100,80,234,240.5,0.5214953271028038,0.1452991452991453,3.00625
drampa,normal,dragon,78,60,85,135,91,36,195,215.0,0.09065420560747664,-0.38461538461538464,5.972222222222222
drapion,poison,dark,70,90,110,60,75,95,150,220.0,0.702803738317757,0.2,2.3157894736842106
drednaw,water,rock,90,115,90,48,68,74,163,203.0,0.4439252336448598,0.4110429447852761,2.7432432432432434
drifblim,ghost,flying,150,80,44,90,54,80,170,173.0,0.5214953271028038,-0.058823529411764705,2.1625
druddigon,dragon,,77,120,90,60,90,48,180,218.5,0.16635514018691588,0.3333333333333333,4.552083333333333
dubwool,normal,,72,80,100,60,90,88,140,226.0,0.616822429906542,0.14285714285714285,2.5681818181818183
dugtrio,ground,,35,100,50,50,70,120,150,137.5,0.9271028037383178,0.3333333333333333,1.1458333333333333
durant,bug,steel,58,109,112,48,48,109,157,189.0,0.8551401869158879,0.3885350318471338,1.7339449541284404
dusknoir,ghost,,45,100,135,65,135,45,165,292.5,0.14579439252336449,0.21212121212121213,6.5
dustox,bug,poison,60,50,70,50,90,65,100,190.0,0.32897196261682243,0.0,2.923076923076923
eelektross,electric,,85,115,80,105,80,50,220,202.5,0.19065420560747665,0.045454545454545456,4.05
eldegoss,grass,,60,50,90,80,120,60,130,240.0,0.2775700934579439,-0.23076923076923078,4.0
electivire,electric,,75,123,67,95,85,95,218,189.5,0.702803738317757,0.12844036697247707,1.9947368421052631
electrode,electric,,60,50,70,80,80,150,130,180.0,0.994392523364486,-0.23076923076923078,1.2
emboar,fire,fighting,110,123,65,100,65,65,223,185.0,0.32897196261682243,0.1031390134529148,2.8461538461538463
emolga,electric,flying,55,75,60,75,60,103,150,147.5,0.8084112149532711,0.0,1.4320388349514563
empoleon,water,steel,84,86,88,111,101,60,197,231.0,0.2775700934579439,-0.12690355329949238,3.85
entei,fire,,115,115,85,90,75,100,205,217.5,0.7700934579439253,0.12195121951219512,2.175
escavalier,bug,steel,70,135,105,60,105,20,195,245.0,0.013084112149532711,0.38461538461538464,12.25
espathra,psychic,,95,60,60,101,60,105,161,167.5,0.8233644859813084,-0.2546583850931677,1.5952380952380953
espeon,psychic,,65,65,60,130,95,110,195,187.5,0.8719626168224299,-0.3333333333333333,1.7045454545454546
eternatus,poison,dragon,140,85,95,145,95,130,230,260.0,0.9663551401869159,-0.2608695652173913,2.0
excadrill,ground,steel,110,135,60,50,65,88,185,180.0,0.616822429906542,0.4594594594594595,2.0454545454545454
exeggutor,grass,psychic,95,95,85,125,75,55,220,207.5,0.2308411214953271,-0.13636363636363635,3.772727272727273
exploud,normal,,104,91,63,91,73,68,182,188.0,0.3663551401869159,0.0,2.764705882352941
falinks,fighting,,65,100,100,70,60,75,170,192.5,0.4616822429906542,0.17647058823529413,2.566666666666667
farigiraf,normal,psychic,120,90,70,110,70,60,200,200.0,0.2775700934579439,-0.1,3.3333333333333335
fearow,normal,flying,65,90,65,61,61,100,151,158.5,0.7700934579439253,0.19205298013245034,1.585
feraligatr,water,,85,105,100,79,83,78,184,225.5,0.48785046728971965,0.14130434782608695,2.891025641025641
ferrothorn,grass,steel,74,94,131,54,116,20,148,284.0,0.013084112149532711,0.2702702702702703,14.2
fezandipiti,poison,fairy,88,91,82,70,125,99,161,251.0,0.7448598130841122,0.13043478260869565,2.5353535353535355
flamigo,flying,fighting,82,115,74,75,64,90,190,179.0,0.6429906542056075,0.21052631578947367,1.988888888888889
flapple,grass,dragon,70,110,80,95,60,70,205,175.0,0.3981308411214953,0.07317073170731707,2.5
flareon,fire,,65,130,60,95,110,65,225,202.5,0.32897196261682243,0.15555555555555556,3.1153846153846154
floatzel,water,,85,105,55,85,50,115,190,147.5,0.9009345794392524,0.10526315789473684,1.2826086956521738
florges,fairy,,78,65,68,112,154,75,177,261.0,0.4616822429906542,-0.2655367231638418,3.48
flutter-mane,ghost,fairy,55,55,55,135,135,135,190,217.5,0.9766355140186916,-0.42105263157894735,1.6111111111111112
flygon,ground,dragon,80,100,80,80,80,100,180,200.0,0.7700934579439253,0.1111111111111111,2.0
forretress,bug,steel,75,90,140,60,60,40,150,237.5,0.10654205607476636,0.2,5.9375
froslass,ice,ghost,70,80,70,80,70,110,160,175.0,0.8719626168224299,0.0,1.5909090909090908
frosmoth,ice,bug,70,65,60,125,90,65,190,185.0,0.32897196261682243,-0.3157894736842105,2.8461538461538463
furfrou,normal,,75,80,60,65,90,102,145,187.5,0.8046728971962617,0.10344827586206896,1.838235294117647
furret,normal,,85,76,64,45,55,90,121,161.5,0.6429906542056075,0.256198347107438,1.7944444444444445
gallade,psychic,fighting,68,125,65,65,115,80,190,214.0,0.5214953271028038,0.3157894736842105,2.675
galvantula,bug,electric,70,77,60,97,60,108,174,155.0,0.8457943925233645,-0.11494252873563218,1.4351851851851851
garbodor,poison,,80,95,82,60,82,75,155,204.0,0.4616822429906542,0.22580645161290322,2.72
garchomp,dragon,ground,108,130,95,80,85,102,210,234.0,0.8046728971962617,0.23809523809523808,2.2941176470588234
gardevoir,psychic,fairy,68,65,65,125,115,80,190,214.0,0.5214953271028038,-0.3157894736842105,2.675
garganacl,rock,,100,100,130,45,90,35,145,270.0,0.08130841121495327,0.3793103448275862,7.714285714285714
gastrodon,water,ground,111,83,68,92,82,39,175,205.5,0.09439252336448598,-0.05142857142857143,5.269230769230769
genesect,bug,steel,71,120,95,120,95,99,240,225.5,0.7448598130841122,0.0,2.2777777777777777
gengar,ghost,poison,60,65,60,130,75,110,195,165.0,0.8719626168224299,-0.3333333333333333,1.5
gholdengo,steel,ghost,87,60,95,133,91,84,193,229.5,0.5598130841121496,-0.37823834196891193,2.732142857142857
gigalith,rock,,85,135,130,60,80,25,195,252.5,0.018691588785046728,0.38461538461538464,10.1
glaceon,ice,,65,60,110,130,95,65,190,237.5,0.32897196261682243,-0.3684210526315789,3.6538461538461537
glalie,ice,,80,80,80,80,80,80,160,200.0,0.5214953271028038,0.0,2.5
glastrier,ice,,100,145,130,65,110,30,210,290.0,0.044859813084112146,0.38095238095238093,9.666666666666666
glimmora,rock,poison,83,55,90,130,81,86,185,212.5,0.6074766355140186,-0.40540540540540543,2.4709302325581395
gliscor,ground,flying,75,95,125,45,75,95,140,237.5,0.702803738317757,0.35714285714285715,2.5
gogoat,grass,,123,100,62,97,81,68,197,204.5,0.3663551401869159,0.015228426395939087,3.0073529411764706
golduck,water,,80,82,78,95,80,85,177,198.0,0.5841121495327103,-0.07344632768361582,2.3294117647058825
golem,rock,ground,80,120,130,55,65,45,175,235.0,0.14579439252336449,0.37142857142857144,5.222222222222222
golisopod,bug,water,75,125,140,60,90,40,185,267.5,0.10654205607476636,0.35135135135135137,6.6875
golurk,ground,ghost,89,124,80,55,80,55,179,204.5,0.2308411214953271,0.3854748603351955,3.7181818181818183
goodra,dragon,,90,100,70,110,150,80,210,265.0,0.5214953271028038,-0.047619047619047616,3.3125
gorebyss,water,,55,84,105,114,75,52,198,207.5,0.21588785046728973,-0.15151515151515152,3.9903846153846154
gothitelle,psychic,,70,55,95,95,110,65,150,240.0,0.32897196261682243,-0.26666666666666666,3.6923076923076925
gouging-fire,fire,dragon,105,115,121,65,93,91,180,266.5,0.6682242990654206,0.2777777777777778,2.9285714285714284
grafaiai,poison,normal,63,95,65,80,72,110,175,168.5,0.8719626168224299,0.08571428571428572,1.5318181818181817
granbull,fairy,,90,120,75,60,60,45,180,180.0,0.14579439252336449,0.3333333333333333,4.0
grapploct,fighting,,80,118,90,70,80,42,188,210.0,0.11869158878504672,0.2553191489361702,5.0
great-tusk,ground,fighting,115,131,131,53,53,87,184,241.5,0.611214953271028,0.42391304347826086,2.7758620689655173
greedent,normal,,120,95,95,55,75,20,150,230.0,0.013084112149532711,0.26666666666666666,11.5
greninja,water,dark,72,95,67,103,71,122,198,174.0,0.9401869158878504,-0.04040404040404041,1.4262295081967213
grimmsnarl,dark,fairy,95,120,65,95,75,60,215,187.5,0.2775700934579439,0.11627906976744186,3.125
groudon,ground,,100,150,140,100,90,90,250,280.0,0.6429906542056075,0.2,3.111111111111111
grumpig,psychic,,80,45,65,90,110,80,135,215.0,0.5214953271028038,-0.3333333333333333,2.6875
gumshoos,normal,,88,110,60,55,60,45,165,164.0,0.14579439252336449,0.3333333333333333,3.6444444444444444
guzzlord,dark,dragon,223,101,53,97,53,43,198,217.5,0.12429906542056075,0.020202020202020204,5.058139534883721
gyarados,water,flying,95,125,79,60,100,81,185,226.5,0.5495327102803739,0.35135135135135137,2.7962962962962963
hariyama,fighting,,144,120,60,40,60,50,160,192.0,0.19065420560747665,0.5,3.84
hatterene,psychic,fairy,57,90,95,136,103,29,226,226.5,0.024299065420560748,-0.20353982300884957,7.810344827586207
hawlucha,fighting,flying,78,92,75,74,63,118,166,177.0,0.9158878504672897,0.10843373493975904,1.5
haxorus,dragon,,76,147,90,60,70,97,207,198.0,0.7299065420560747,0.42028985507246375,2.0412371134020617
heatmor,fire,,85,97,66,105,66,65,202,174.5,0.32897196261682243,-0.039603960396039604,2.6846153846153844
heatran,fire,steel,91,90,106,130,106,77,220,257.5,0.48317757009345796,-0.18181818181818182,3.344155844155844
heliolisk,electric,normal,62,55,52,109,94,109,164,177.0,0.8551401869158879,-0.32926829268292684,1.6238532110091743
heracross,bug,fighting,80,125,75,40,95,85,165,210.0,0.5841121495327103,0.5151515151515151,2.4705882352941178
hippowdon,ground,,108,112,118,68,72,47,180,244.0,0.16261682242990655,0.24444444444444444,5.191489361702128
hitmonchan,fighting,,50,105,79,35,110,76,140,214.0,0.4794392523364486,0.5,2.8157894736842106
hitmonlee,fighting,,50,120,53,35,110,87,155,188.0,0.611214953271028,0.5483870967741935,2.160919540229885
hitmontop,fighting,,50,95,95,35,110,70,130,230.0,0.3981308411214953,0.46153846153846156,3.2857142857142856
ho-oh,fire,flying,106,130,90,110,154,90,240,297.0,0.6429906542056075,0.08333333333333333,3.3
honchkrow,dark,flying,100,125,52,105,52,71,230,154.0,0.4289719626168224,0.08695652173913043,2.1690140845070425
hoopa,psychic,ghost,80,110,60,150,130,70,260,230.0,0.3981308411214953,-0.15384615384615385,3.2857142857142856
houndoom,dark,fire,75,90,50,110,80,95,200,167.5,0.702803738317757,-0.1,1.763157894736842
houndstone,ghost,,72,101,100,50,97,68,151,233.0,0.3663551401869159,0.33774834437086093,3.426470588235294
huntail,water,,55,104,105,94,75,52,198,207.5,0.21588785046728973,0.050505050505050504,3.9903846153846154
hydrapple,grass,dragon,106,80,110,120,80,44,200,243.0,0.12990654205607477,-0.2,5.5227272727272725
hydreigon,dark,dragon,92,105,90,125,90,98,230,226.0,0.7383177570093458,-0.08695652173913043,2.306122448979592
hypno,psychic,,85,73,70,73,115,67,146,227.5,0.35887850467289717,0.0,3.3955223880597014
illumise,bug,,65,47,75,73,85,85,120,192.5,0.5841121495327103,-0.21666666666666667,2.264705882352941
incineroar,fire,dark,95,115,90,80,90,60,195,227.5,0.2775700934579439,0.1794871794871795,3.7916666666666665
infernape,fire,fighting,76,104,71,104,71,108,208,180.0,0.8457943925233645,0.0,1.6666666666666667
inteleon,water,,70,85,65,125,65,120,210,165.0,0.9271028037383178,-0.19047619047619047,1.375
iron-boulder,rock,psychic,90,120,80,68,108,124,188,233.0,0.9467289719626168,0.2765957446808511,1.8790322580645162
iron-bundle,ice,water,56,80,114,124,60,136,204,202.0,0.9822429906542056,-0.21568627450980393,1.4852941176470589
iron-crown,steel,psychic,90,72,100,122,108,98,194,253.0,0.7383177570093458,-0.25773195876288657,2.5816326530612246
iron-hands,fighting,electric,154,140,108,50,68,50,190,253.0,0.19065420560747665,0.47368421052631576,5.06
iron-jugulis,dark,flying,94,80,86,122,80,108,202,213.0,0.8457943925233645,-0.2079207920792079,1.9722222222222223
iron-leaves,grass,psychic,90,130,88,70,108,104,200,241.0,0.8121495327102803,0.3,2.3173076923076925
iron-moth,fire,poison,80,70,60,140,110,110,210,210.0,0.8719626168224299,-0.3333333333333333,1.9090909090909092
iron-thorns,rock,electric,100,134,110,70,84,72,204,244.0,0.4355140186915888,0.3137254901960784,3.388888888888889
iron-treads,ground,steel,90,112,120,72,70,106,184,235.0,0.8355140186915888,0.21739130434782608,2.2169811320754715
iron-valiant,fairy,fighting,74,130,90,120,60,116,250,187.0,0.9102803738317757,0.04,1.6120689655172413
jellicent,water,ghost,100,60,70,85,105,60,145,225.0,0.2775700934579439,-0.1724137931034483,3.75
jirachi,steel,psychic,100,100,100,100,100,100,200,250.0,0.7700934579439253,0.0,2.5
jolteon,electric,,65,65,60,110,95,130,175,187.5,0.9663551401869159,-0.2571428571428571,1.4423076923076923
jumpluff,grass,flying,75,55,70,55,95,110,110,202.5,0.8719626168224299,0.0,1.8409090909090908
jynx,ice,psychic,65,50,35,115,95,95,165,162.5,0.702803738317757,-0.3939393939393939,1.7105263157894737
kabutops,rock,water,60,115,105,65,70,80,180,205.0,0.5214953271028038,0.2777777777777778,2.5625
kangaskhan,normal,,105,95,80,40,80,90,135,212.5,0.6429906542056075,0.4074074074074074,2.361111111111111
kartana,grass,steel,59,181,131,59,31,109,240,191.5,0.8551401869158879,0.5083333333333333,1.7568807339449541
kecleon,normal,,60,90,70,60,120,40,150,220.0,0.10654205607476636,0.2,5.5
kilowattrel,electric,flying,70,70,60,105,60,125,175,155.0,0.9532710280373832,-0.2,1.24
kingambit,dark,steel,100,135,120,60,85,50,195,255.0,0.19065420560747665,0.38461538461538464,5.1
kingdra,water,dragon,75,95,95,95,95,85,190,227.5,0.5841121495327103,0.0,2.676470588235294
kingler,water,,55,130,115,50,50,75,180,192.5,0.4616822429906542,0.4444444444444444,2.566666666666667
klawf,rock,,70,100,115,35,55,75,135,205.0,0.4616822429906542,0.48148148148148145,2.7333333333333334
kleavor,bug,rock,70,135,95,45,70,85,180,200.0,0.5841121495327103,0.5,2.3529411764705883
klefki,steel,fairy,57,80,91,80,87,75,160,206.5,0.4616822429906542,0.0,2.7533333333333334
klinklang,steel,,60,100,115,70,85,90,170,230.0,0.6429906542056075,0.17647058823529413,2.5555555555555554
komala,normal,,65,115,65,75,95,65,190,192.5,0.32897196261682243,0.21052631578947367,2.9615384615384617
kommo-o,dragon,fighting,75,110,125,100,105,85,210,267.5,0.5841121495327103,0.047619047619047616,3.1470588235294117
koraidon,fighting,dragon,100,135,115,85,100,135,220,265.0,0.9766355140186916,0.22727272727272727,1.962962962962963
kricketune,bug,,77,85,51,55,51,65,140,140.5,0.32897196261682243,0.21428571428571427,2.1615384615384614
krookodile,ground,dark,95,117,80,65,70,92,182,197.5,0.6757009345794392,0.2857142857142857,2.1467391304347827
kyogre,water,,100,100,90,150,140,90,250,280.0,0.6429906542056075,-0.2,3.111111111111111
kyurem,dragon,ice,125,130,90,130,90,95,260,242.5,0.702803738317757,0.0,2.5526315789473686
lanturn,water,electric,125,58,58,76,76,67,134,196.5,0.35887850467289717,-0.13432835820895522,2.9328358208955225
lapras,water,ice,130,85,80,85,95,60,170,240.0,0.2775700934579439,0.0,4.0
latias,dragon,psychic,80,80,90,110,130,110,190,260.0,0.8719626168224299,-0.15789473684210525,2.3636363636363638
latios,dragon,psychic,80,90,80,130,110,110,220,230.0,0.8719626168224299,-0.18181818181818182,2.090909090909091
leafeon,grass,,65,110,130,60,65,95,170,227.5,0.702803738317757,0.29411764705882354,2.3947368421052633
leavanny,bug,grass,75,103,80,70,80,92,173,197.5,0.6757009345794392,0.1907514450867052,2.1467391304347827
ledian,bug,flying,55,35,50,55,110,85,90,187.5,0.5841121495327103,-0.2222222222222222,2.2058823529411766
lickilicky,normal,,110,85,95,80,95,50,165,245.0,0.19065420560747665,0.030303030303030304,4.9
liepard,dark,,64,88,50,88,50,106,176,132.0,0.8355140186915888,0.0,1.2452830188679245
lilligant,grass,,70,60,75,110,75,90,170,185.0,0.6429906542056075,-0.29411764705882354,2.0555555555555554
lokix,bug,dark,71,102,78,52,55,92,154,168.5,0.6757009345794392,0.3246753246753247,1.8315217391304348
lopunny,normal,,65,76,84,54,96,105,130,212.5,0.8233644859813084,0.16923076923076924,2.0238095238095237
lucario,fighting,steel,70,110,70,115,70,90,225,175.0,0.6429906542056075,-0.022222222222222223,1.9444444444444444
ludicolo,water,grass,80,70,70,90,100,70,160,210.0,0.3981308411214953,-0.125,3.0
lugia,psychic,flying,106,90,130,90,154,110,180,337.0,0.8719626168224299,0.0,3.0636363636363635
lumineon,water,,69,69,76,69,86,91,138,196.5,0.6682242990654206,0.0,2.159340659340659
lunala,psychic,ghost,137,113,89,137,107,97,250,264.5,0.7299065420560747,-0.096,2.7268041237113403
lunatone,rock,psychic,90,55,65,95,85,70,150,195.0,0.3981308411214953,-0.26666666666666666,2.7857142857142856
lurantis,grass,,70,105,90,80,90,45,185,215.0,0.14579439252336449,0.13513513513513514,4.777777777777778
luvdisc,water,,43,30,55,40,65,97,70,141.5,0.7299065420560747,-0.14285714285714285,1.458762886597938
luxray,electric,,80,120,79,95,79,70,215,198.0,0.3981308411214953,0.11627906976744186,2.8285714285714287
mabosstiff,dark,,80,120,90,60,70,85,180,200.0,0.5841121495327103,0.3333333333333333,2.3529411764705883
machamp,fighting,,90,130,80,65,85,55,195,210.0,0.2308411214953271,0.3333333333333333,3.8181818181818183
magcargo,fire,rock,60,50,120,90,80,30,140,230.0,0.044859813084112146,-0.2857142857142857,7.666666666666667
magearna,steel,fairy,80,95,115,130,115,65,225,270.0,0.32897196261682243,-0.15555555555555556,4.153846153846154
magmortar,fire,,75,95,67,125,95,83,220,199.5,0.5560747663551402,-0.13636363636363635,2.4036144578313254
magnezone,electric,steel,70,70,115,130,90,60,200,240.0,0.2775700934579439,-0.3,4.0
malamar,dark,psychic,86,92,88,68,75,73,160,206.0,0.44018691588785047,0.15,2.8219178082191783
mamoswine,ice,ground,110,130,80,70,60,80,200,195.0,0.5214953271028038,0.3,2.4375
manaphy,water,,100,100,100,100,100,100,200,250.0,0.7700934579439253,0.0,2.5
mandibuzz,dark,flying,110,65,105,55,95,80,120,255.0,0.5214953271028038,0.08333333333333333,3.1875
manectric,electric,,70,75,60,105,60,105,180,155.0,0.8233644859813084,-0.16666666666666666,1.4761904761904763
mantine,water,flying,85,40,70,80,140,70,120,252.5,0.3981308411214953,-0.3333333333333333,3.607142857142857
maractus,grass,,75,86,67,106,67,60,192,171.5,0.2775700934579439,-0.10416666666666667,2.8583333333333334
marowak,ground,,60,80,110,50,80,45,130,220.0,0.14579439252336449,0.23076923076923078,4.888888888888889
marshadow,fighting,ghost,90,125,80,90,90,125,215,215.0,0.9532710280373832,0.16279069767441862,1.72
masquerain,bug,flying,70,60,62,100,82,80,160,179.0,0.5214953271028038,-0.25,2.2375
mawile,steel,fairy,50,85,85,55,55,50,140,165.0,0.19065420560747665,0.21428571428571427,3.3
medicham,fighting,psychic,60,60,75,60,75,80,120,180.0,0.5214953271028038,0.0,2.25
meganium,grass,,80,82,100,83,100,80,165,240.0,0.5214953271028038,-0.006060606060606061,3.0
melmetal,steel,,135,143,143,80,65,34,223,275.5,0.07196261682242991,0.2825112107623318,8.102941176470589
meltan,steel,,46,65,65,55,35,34,120,123.0,0.07196261682242991,0.08333333333333333,3.6176470588235294
meowscarada,grass,dark,76,110,70,81,70,123,191,178.0,0.9429906542056075,0.1518324607329843,1.4471544715447155
mesprit,psychic,,80,105,105,105,105,80,210,250.0,0.5214953271028038,0.0,3.125
metagross,steel,psychic,80,135,130,95,90,70,230,260.0,0.3981308411214953,0.17391304347826086,3.7142857142857144
mew,psychic,,100,100,100,100,100,100,200,250.0,0.7700934579439253,0.0,2.5
mewtwo,psychic,,106,110,90,154,90,130,264,233.0,0.9663551401869159,-0.16666666666666666,1.7923076923076924
mienshao,fighting,,65,125,60,95,60,105,220,152.5,0.8233644859813084,0.13636363636363635,1.4523809523809523
mightyena,dark,,70,90,70,60,60,70,150,165.0,0.3981308411214953,0.2,2.357142857142857
milotic,water,,95,60,79,100,125,81,160,251.5,0.5495327102803739,-0.25,3.1049382716049383
miltank,normal,,95,80,105,40,70,100,120,222.5,0.7700934579439253,0.3333333333333333,2.225
minun,electric,,60,40,50,75,85,95,115,165.0,0.702803738317757,-0.30434782608695654,1.736842105263158
miraidon,electric,dragon,100,85,100,135,115,135,220,265.0,0.9766355140186916,-0.22727272727272727,1.962962962962963
mismagius,ghost,,60,60,60,105,105,105,165,195.0,0.8233644859813084,-0.2727272727272727,1.8571428571428572
moltres,fire,flying,90,100,90,125,85,90,225,220.0,0.6429906542056075,-0.1111111111111111,2.4444444444444446
mothim,bug,flying,70,94,50,94,50,66,188,135.0,0.3542056074766355,0.0,2.0454545454545454
mr-rime,ice,psychic,80,85,75,110,100,70,195,215.0,0.3981308411214953,-0.1282051282051282,3.0714285714285716
mudsdale,ground,,100,125,100,55,85,35,180,235.0,0.08130841121495327,0.3888888888888889,6.714285714285714
muk,poison,,105,105,75,65,100,50,170,227.5,0.19065420560747665,0.23529411764705882,4.55
munkidori,poison,psychic,88,75,66,130,90,106,205,200.0,0.8355140186915888,-0.2682926829268293,1.8867924528301887
musharna,psychic,,116,55,85,107,95,29,162,238.0,0.024299065420560748,-0.32098765432098764,8.206896551724139
naganadel,poison,dragon,73,73,73,127,73,121,200,182.5,0.9364485981308411,-0.27,1.5082644628099173
necrozma,psychic,,97,107,101,127,89,79,234,238.5,0.4934579439252336,-0.08547008547008547,3.018987341772152
nidoking,poison,ground,81,102,77,85,75,85,187,192.5,0.5841121495327103,0.09090909090909091,2.264705882352941
nidoqueen,poison,ground,90,92,87,75,85,76,167,217.0,0.4794392523364486,0.10179640718562874,2.8552631578947367
nihilego,rock,poison,109,53,47,127,131,103,180,232.5,0.8084112149532711,-0.4111111111111111,2.2572815533980584
ninetales,fire,,73,76,75,81,100,100,157,211.5,0.7700934579439253,-0.03184713375796178,2.115
ninjask,bug,flying,61,90,45,50,50,160,140,125.5,0.9981308411214953,0.2857142857142857,0.784375
noctowl,normal,flying,100,50,50,86,96,70,136,196.0,0.3981308411214953,-0.2647058823529412,2.8
noivern,flying,dragon,85,70,80,97,80,123,167,202.5,0.9429906542056075,-0.16167664670658682,1.646341463414634
obstagoon,dark,normal,93,90,101,60,81,95,150,228.5,0.702803738317757,0.2,2.405263157894737
octillery,water,,75,105,75,105,75,45,210,187.5,0.14579439252336449,0.0,4.166666666666667
ogerpon,grass,,80,120,84,60,96,110,180,220.0,0.8719626168224299,0.3333333333333333,2.0
okidogi,poison,fighting,88,128,115,58,86,80,186,245.0,0.5214953271028038,0.3763440860215054,3.0625
omastar,rock,water,70,60,125,115,70,55,175,230.0,0.2308411214953271,-0.3142857142857143,4.181818181818182
oranguru,normal,psychic,90,60,80,90,110,60,150,235.0,0.2775700934579439,-0.2,3.9166666666666665
orbeetle,bug,psychic,60,45,110,80,120,90,125,260.0,0.6429906542056075,-0.28,2.888888888888889
orthworm,steel,,70,85,145,60,55,65,145,235.0,0.32897196261682243,0.1724137931034483,3.6153846153846154
overqwil,dark,poison,85,115,95,65,65,85,180,202.5,0.5841121495327103,0.2777777777777778,2.3823529411764706
pachirisu,electric,,60,45,70,45,90,95,90,190.0,0.702803738317757,0.0,2.0
palkia,water,dragon,90,120,100,150,120,100,270,265.0,0.7700934579439253,-0.1111111111111111,2.65
palossand,ghost,ground,85,75,110,100,75,35,175,227.5,0.08130841121495327,-0.14285714285714285,6.5
pangoro,fighting,dark,95,124,78,69,71,58,193,196.5,0.2514018691588785,0.2849740932642487,3.3879310344827585
parasect,bug,grass,60,95,80,60,80,30,155,190.0,0.044859813084112146,0.22580645161290322,6.333333333333333
passimian,fighting,,100,120,90,40,60,80,160,200.0,0.5214953271028038,0.5,2.5
pawmot,electric,fighting,70,115,70,70,60,105,185,165.0,0.8233644859813084,0.24324324324324326,1.5714285714285714
pecharunt,poison,ghost,88,88,160,88,88,88,176,292.0,0.616822429906542,0.0,3.3181818181818183
pelipper,water,flying,60,50,100,95,70,65,145,200.0,0.32897196261682243,-0.3103448275862069,3.076923076923077
perrserker,steel,,70,110,100,50,60,50,160,195.0,0.19065420560747665,0.375,3.9
persian,normal,,65,70,60,65,65,115,135,157.5,0.9009345794392524,0.037037037037037035,1.3695652173913044
pheromosa,bug,fighting,71,137,37,137,37,151,274,109.5,0.9962616822429906,0.0,0.7251655629139073
pidgeot,normal,flying,83,80,75,70,70,101,150,186.5,0.797196261682243,0.06666666666666667,1.8465346534653466
pincurchin,electric,,48,101,95,91,85,15,192,204.0,0.007476635514018692,0.052083333333333336,13.6
pinsir,bug,,65,125,100,55,70,85,180,202.5,0.5841121495327103,0.3888888888888889,2.3823529411764706
plusle,electric,,60,50,40,85,75,95,135,145.0,0.702803738317757,-0.25925925925925924,1.5263157894736843
politoed,water,,90,75,75,90,100,70,165,220.0,0.3981308411214953,-0.09090909090909091,3.142857142857143
poliwrath,water,fighting,90,95,95,70,90,70,165,230.0,0.3981308411214953,0.15151515151515152,3.2857142857142856
polteageist,ghost,,60,65,65,134,114,70,199,209.0,0.3981308411214953,-0.34673366834170855,2.9857142857142858
porygon-z,normal,,85,80,70,135,75,90,215,187.5,0.6429906542056075,-0.2558139534883721,2.0833333333333335
primarina,water,fairy,80,74,74,126,116,60,200,230.0,0.2775700934579439,-0.26,3.8333333333333335
probopass,rock,steel,60,55,145,75,150,40,130,325.0,0.10654205607476636,-0.15384615384615385,8.125
purugly,normal,,71,82,64,64,59,112,146,158.5,0.888785046728972,0.1232876712328767,1.4151785714285714
pyukumuku,water,,55,60,130,30,130,5,90,287.5,0.002803738317757009,0.3333333333333333,57.5
quagsire,water,ground,95,85,85,65,65,35,150,197.5,0.08130841121495327,0.13333333333333333,5.642857142857143
quaquaval,water,fighting,85,120,80,85,75,85,205,197.5,0.5841121495327103,0.17073170731707318,2.323529411764706
rabsca,bug,psychic,75,50,85,115,100,45,165,222.5,0.14579439252336449,-0.3939393939393939,4.944444444444445
raging-bolt,electric,dragon,125,73,91,137,89,75,210,242.5,0.4616822429906542,-0.3047619047619048,3.2333333333333334
raichu,electric,,60,90,55,90,80,110,180,165.0,0.8719626168224299,0.0,1.5
raikou,electric,,90,85,75,115,100,115,200,220.0,0.9009345794392524,-0.15,1.9130434782608696
rampardos,rock,,97,165,60,65,50,58,230,158.5,0.2514018691588785,0.43478260869565216,2.7327586206896552
rapidash,fire,,65,100,70,80,80,105,180,182.5,0.8233644859813084,0.1111111111111111,1.7380952380952381
raticate,normal,,55,81,60,50,70,97,131,157.5,0.7299065420560747,0.2366412213740458,1.6237113402061856
rayquaza,dragon,flying,105,150,90,150,90,95,300,232.5,0.702803738317757,0.0,2.4473684210526314
regice,ice,,80,50,100,100,200,50,150,340.0,0.19065420560747665,-0.3333333333333333,6.8
regidrago,dragon,,200,100,50,100,50,80,200,200.0,0.5214953271028038,0.0,2.5
regieleki,electric,,80,100,50,100,50,200,200,140.0,1.0,0.0,0.7
regigigas,normal,,110,160,110,80,110,100,240,275.0,0.7700934579439253,0.3333333333333333,2.75
regirock,rock,,80,100,200,50,100,50,150,340.0,0.19065420560747665,0.3333333333333333,6.8
registeel,steel,,80,75,150,75,150,50,150,340.0,0.19065420560747665,0.0,6.8
relicanth,water,rock,100,90,130,45,65,55,135,245.0,0.2308411214953271,0.3333333333333333,4.454545454545454
reshiram,dragon,fire,100,120,100,150,120,90,270,270.0,0.6429906542056075,-0.1111111111111111,3.0
reuniclus,psychic,,110,65,75,125,85,30,190,215.0,0.044859813084112146,-0.3157894736842105,7.166666666666667
revavroom,steel,poison,80,119,90,54,67,90,173,197.0,0.6429906542056075,0.37572254335260113,2.188888888888889
rhyperior,ground,rock,115,140,130,55,55,40,195,242.5,0.10654205607476636,0.4358974358974359,6.0625
ribombee,bug,fairy,60,55,60,95,70,124,150,160.0,0.9467289719626168,-0.26666666666666666,1.2903225806451613
rillaboom,grass,,100,125,90,60,70,85,185,210.0,0.5841121495327103,0.35135135135135137,2.4705882352941178
roaring-moon,dragon,dark,105,139,71,55,101,119,194,224.5,0.9186915887850468,0.4329896907216495,1.8865546218487395
roserade,grass,poison,60,70,65,125,105,90,195,200.0,0.6429906542056075,-0.28205128205128205,2.2222222222222223
rotom,electric,ghost,50,50,77,95,77,91,145,179.0,0.6682242990654206,-0.3103448275862069,1.967032967032967
runerigus,ground,ghost,58,95,145,50,105,30,145,279.0,0.044859813084112146,0.3103448275862069,9.3
sableye,dark,ghost,50,75,75,65,65,50,140,165.0,0.19065420560747665,0.07142857142857142,3.3
salamence,dragon,flying,95,135,80,110,80,100,245,207.5,0.7700934579439253,0.10204081632653061,2.075
salazzle,poison,fire,68,64,60,111,60,117,175,154.0,0.914018691588785,-0.26857142857142857,1.3162393162393162
samurott,water,,95,100,85,108,70,70,208,202.5,0.3981308411214953,-0.038461538461538464,2.892857142857143
sandaconda,ground,,72,107,125,65,70,71,172,231.0,0.4289719626168224,0.2441860465116279,3.2535211267605635
sandslash,ground,,75,100,110,45,55,65,145,202.5,0.32897196261682243,0.3793103448275862,3.1153846153846154
sandy-shocks,electric,ground,85,81,97,121,85,101,202,224.5,0.797196261682243,-0.19801980198019803,2.222772277227723
sawk,fighting,,75,125,75,30,75,85,155,187.5,0.5841121495327103,0.6129032258064516,2.2058823529411766
sawsbuck,normal,grass,80,100,70,60,70,95,160,180.0,0.702803738317757,0.25,1.894736842105263
sceptile,grass,,70,85,65,105,85,120,190,185.0,0.9271028037383178,-0.10526315789473684,1.5416666666666667
scizor,bug,steel,70,130,100,55,80,65,185,215.0,0.32897196261682243,0.40540540540540543,3.3076923076923075
scolipede,bug,poison,60,100,89,55,69,112,155,188.0,0.888785046728972,0.2903225806451613,1.6785714285714286
scovillain,grass,fire,65,108,65,108,65,75,216,162.5,0.4616822429906542,0.0,2.1666666666666665
scrafty,dark,fighting,65,90,115,45,115,58,135,262.5,0.2514018691588785,0.3333333333333333,4.525862068965517
scream-tail,fairy,psychic,115,65,99,65,115,111,130,271.5,0.8859813084112149,0.0,2.445945945945946
seaking,water,,80,92,65,65,80,68,157,185.0,0.3663551401869159,0.17197452229299362,2.7205882352941178
seismitoad,water,ground,105,95,75,85,75,74,180,202.5,0.4439252336448598,0.05555555555555555,2.7364864864864864
serperior,grass,,75,75,95,75,95,113,150,227.5,0.891588785046729,0.0,2.0132743362831858
seviper,poison,,73,100,60,100,60,65,200,156.5,0.32897196261682243,0.0,2.4076923076923076
sharpedo,water,dark,70,120,40,95,40,95,215,115.0,0.702803738317757,0.11627906976744186,1.2105263157894737
shedinja,bug,ghost,1,90,45,30,30,40,120,75.5,0.10654205607476636,0.5,1.8875
shiftry,grass,dark,90,100,60,90,60,80,190,165.0,0.5214953271028038,0.05263157894736842,2.0625
shiinotic,grass,fairy,60,45,80,90,100,30,135,210.0,0.044859813084112146,-0.3333333333333333,7.0
shuckle,bug,rock,20,10,230,10,230,5,20,470.0,0.002803738317757009,0.0,94.0
sigilyph,psychic,flying,72,58,80,103,80,97,161,196.0,0.7299065420560747,-0.2795031055900621,2.020618556701031
silvally,normal,,95,95,95,95,95,95,190,237.5,0.702803738317757,0.0,2.5
simipour,water,,75,98,63,98,63,101,196,163.5,0.797196261682243,0.0,1.618811881188119
simisage,grass,,75,98,63,98,63,101,196,163.5,0.797196261682243,0.0,1.618811881188119
simisear,fire,,75,98,63,98,63,101,196,163.5,0.797196261682243,0.0,1.618811881188119
sinistcha,grass,ghost,71,60,106,121,80,70,181,221.5,0.3981308411214953,-0.3370165745856354,3.164285714285714
sirfetchd,fighting,,62,135,95,68,82,65,203,208.0,0.32897196261682243,0.33004926108374383,3.2
skarmory,steel,flying,65,80,140,40,70,70,120,242.5,0.3981308411214953,0.3333333333333333,3.4642857142857144
skeledirge,fire,ghost,104,75,100,110,75,66,185,227.0,0.3542056074766355,-0.1891891891891892,3.4393939393939394
skuntank,poison,dark,103,93,67,71,61,84,164,179.5,0.5598130841121496,0.13414634146341464,2.136904761904762
slaking,normal,,150,160,100,95,65,100,255,240.0,0.7700934579439253,0.2549019607843137,2.4
slither-wing,bug,fighting,85,135,79,85,105,81,220,226.5,0.5495327102803739,0.22727272727272727,2.7962962962962963
slowbro,water,psychic,95,75,110,100,80,30,175,237.5,0.044859813084112146,-0.14285714285714285,7.916666666666667
slowking,water,psychic,95,75,80,100,110,30,175,237.5,0.044859813084112146,-0.14285714285714285,7.916666666666667
slurpuff,fairy,,82,80,86,85,75,72,165,202.0,0.4355140186915888,-0.030303030303030304,2.8055555555555554
smeargle,normal,,55,20,35,20,45,75,40,107.5,0.4616822429906542,0.0,1.4333333333333333
sneasler,fighting,poison,80,130,60,40,80,120,170,180.0,0.9271028037383178,0.5294117647058824,1.5
snorlax,normal,,160,110,65,65,110,30,175,255.0,0.044859813084112146,0.2571428571428571,8.5
solgaleo,psychic,steel,137,137,107,113,89,97,250,264.5,0.7299065420560747,0.096,2.7268041237113403
solrock,rock,psychic,90,95,85,55,65,70,150,195.0,0.3981308411214953,0.26666666666666666,2.7857142857142856
spectrier,ghost,,100,65,60,145,80,130,210,190.0,0.9663551401869159,-0.38095238095238093,1.4615384615384615
spidops,bug,,60,79,92,52,86,35,131,208.0,0.08130841121495327,0.20610687022900764,5.942857142857143
spinda,normal,,60,60,60,60,60,60,120,150.0,0.2775700934579439,0.0,2.5
spiritomb,ghost,dark,50,92,108,92,108,35,184,241.0,0.08130841121495327,0.0,6.885714285714286
stakataka,rock,steel,61,131,211,53,101,13,184,342.5,0.005607476635514018,0.42391304347826086,26.346153846153847
staraptor,normal,flying,85,120,70,50,60,100,170,172.5,0.7700934579439253,0.4117647058823529,1.725
starmie,water,psychic,60,75,85,100,85,115,175,200.0,0.9009345794392524,-0.14285714285714285,1.7391304347826086
steelix,steel,ground,75,85,200,55,65,30,140,302.5,0.044859813084112146,0.21428571428571427,10.083333333333334
stonjourner,rock,,100,125,135,20,20,70,145,205.0,0.3981308411214953,0.7241379310344828,2.9285714285714284
stoutland,normal,,85,110,90,45,90,80,155,222.5,0.5214953271028038,0.41935483870967744,2.78125
stunfisk,ground,electric,109,66,84,81,99,32,147,237.5,0.06448598130841121,-0.10204081632653061,7.421875
sudowoodo,rock,,70,100,115,30,65,30,130,215.0,0.044859813084112146,0.5384615384615384,7.166666666666667
suicune,water,,100,75,115,90,115,85,165,280.0,0.5841121495327103,-0.09090909090909091,3.2941176470588234
sunflora,grass,,75,75,55,105,85,30,180,177.5,0.044859813084112146,-0.16666666666666666,5.916666666666667
swalot,poison,,100,73,83,73,83,55,146,216.0,0.2308411214953271,0.0,3.9272727272727272
swampert,water,ground,100,110,90,85,90,60,195,230.0,0.2775700934579439,0.1282051282051282,3.8333333333333335
swanna,water,flying,75,87,63,87,63,98,174,163.5,0.7383177570093458,0.0,1.6683673469387754
swellow,normal,flying,60,85,60,75,50,125,160,140.0,0.9532710280373832,0.0625,1.12
swoobat,psychic,flying,67,57,55,77,55,114,134,143.5,0.8934579439252337,-0.14925373134328357,1.2587719298245614
sylveon,fairy,,95,65,65,110,130,60,175,242.5,0.2775700934579439,-0.2571428571428571,4.041666666666667
talonflame,fire,flying,78,81,71,74,69,126,155,179.0,0.9588785046728971,0.04516129032258064,1.4206349206349207
tangrowth,grass,,100,100,125,110,50,50,210,225.0,0.19065420560747665,-0.047619047619047616,4.5
tapu-bulu,grass,fairy,70,130,115,85,95,75,215,245.0,0.4616822429906542,0.20930232558139536,3.2666666666666666
tapu-fini,water,fairy,70,75,115,95,130,85,170,280.0,0.5841121495327103,-0.11764705882352941,3.2941176470588234
tapu-koko,electric,fairy,70,115,85,95,75,130,210,195.0,0.9663551401869159,0.09523809523809523,1.5
tapu-lele,psychic,fairy,70,85,75,130,115,95,215,225.0,0.702803738317757,-0.20930232558139536,2.3684210526315788
tauros,normal,,75,100,95,40,70,110,140,202.5,0.8719626168224299,0.42857142857142855,1.8409090909090908
tentacruel,water,poison,80,70,65,80,120,100,150,225.0,0.7700934579439253,-0.06666666666666667,2.25
terapagos,normal,,90,65,85,65,85,60,130,215.0,0.2775700934579439,0.0,3.5833333333333335
terrakion,rock,fighting,91,129,90,72,90,108,201,225.5,0.8457943925233645,0.2835820895522388,2.087962962962963
thievul,dark,,70,58,58,87,92,90,145,185.0,0.6429906542056075,-0.2,2.0555555555555554
throh,fighting,,120,100,85,30,85,45,130,230.0,0.14579439252336449,0.5384615384615384,5.111111111111111
ting-lu,dark,ground,155,110,125,55,80,45,165,282.5,0.14579439252336449,0.3333333333333333,6.277777777777778
tinkaton,fairy,steel,85,75,77,70,105,94,145,224.5,0.6822429906542056,0.034482758620689655,2.3882978723404253
toedscruel,ground,grass,80,70,65,80,120,100,150,225.0,0.7700934579439253,-0.06666666666666667,2.25
togedemaru,electric,steel,65,98,63,40,73,96,138,168.5,0.7233644859813084,0.42028985507246375,1.7552083333333333
togekiss,fairy,flying,85,50,95,120,115,80,170,252.5,0.5214953271028038,-0.4117647058823529,3.15625
torkoal,fire,,70,85,140,85,70,20,170,245.0,0.013084112149532711,0.0,12.25
torterra,grass,ground,95,109,105,75,85,56,184,237.5,0.2457943925233645,0.18478260869565216,4.241071428571429
toucannon,normal,flying,80,120,75,75,75,60,195,190.0,0.2775700934579439,0.23076923076923078,3.1666666666666665
toxapex,poison,water,50,63,152,53,142,35,116,319.0,0.08130841121495327,0.08620689655172414,9.114285714285714
toxicroak,poison,fighting,83,106,65,86,65,85,192,171.5,0.5841121495327103,0.10416666666666667,2.0176470588235293
trevenant,ghost,grass,85,110,76,65,82,56,175,200.5,0.2457943925233645,0.2571428571428571,3.580357142857143
tropius,grass,flying,99,68,83,72,87,51,140,219.5,0.2130841121495327,-0.02857142857142857,4.303921568627451
tsareena,grass,,72,120,98,50,98,72,170,232.0,0.4355140186915888,0.4117647058823529,3.2222222222222223
turtonator,fire,dragon,60,78,135,91,85,36,169,250.0,0.09065420560747664,-0.07692307692307693,6.944444444444445
typhlosion,fire,,78,84,78,109,85,100,193,202.0,0.7700934579439253,-0.12953367875647667,2.02
tyranitar,rock,dark,100,134,110,95,100,61,229,260.0,0.3,0.1703056768558952,4.262295081967213
tyrantrum,rock,dragon,82,121,119,69,59,71,190,219.0,0.4289719626168224,0.2736842105263158,3.084507042253521
umbreon,dark,,95,65,110,60,130,65,125,287.5,0.32897196261682243,0.04,4.423076923076923
unfezant,normal,flying,80,115,80,65,55,93,180,175.0,0.680373831775701,0.2777777777777778,1.881720430107527
unown,psychic,,48,72,48,72,48,48,144,120.0,0.16635514018691588,0.0,2.5
ursaluna,ground,normal,130,140,105,45,80,50,185,250.0,0.19065420560747665,0.5135135135135135,5.0
uxie,psychic,,75,75,130,75,130,95,150,297.5,0.702803738317757,0.0,3.1315789473684212
vanilluxe,ice,,71,95,85,110,95,79,205,215.5,0.4934579439252336,-0.07317073170731707,2.7278481012658227
vaporeon,water,,130,65,60,110,95,65,175,220.0,0.32897196261682243,-0.2571428571428571,3.3846153846153846
veluza,water,psychic,90,102,73,78,65,70,180,183.0,0.3981308411214953,0.13333333333333333,2.6142857142857143
venomoth,bug,poison,70,65,60,90,75,90,155,170.0,0.6429906542056075,-0.16129032258064516,1.8888888888888888
venusaur,grass,poison,80,82,83,100,100,80,182,223.0,0.5214953271028038,-0.0989010989010989,2.7875
vespiquen,bug,flying,70,80,102,80,102,40,160,239.0,0.10654205607476636,0.0,5.975
victini,psychic,fire,100,100,100,100,100,100,200,250.0,0.7700934579439253,0.0,2.5
victreebel,grass,poison,80,105,65,100,70,70,205,175.0,0.3981308411214953,0.024390243902439025,2.5
vikavolt,bug,electric,77,70,90,145,75,43,215,203.5,0.12429906542056075,-0.3488372093023256,4.732558139534884
vileplume,grass,poison,75,80,85,110,90,50,190,212.5,0.19065420560747665,-0.15789473684210525,4.25
virizion,grass,fighting,91,90,72,90,129,108,180,246.5,0.8457943925233645,0.0,2.2824074074074074
vivillon,bug,flying,80,52,50,90,50,89,142,140.0,0.6205607476635514,-0.2676056338028169,1.5730337078651686
volbeat,bug,,65,73,75,47,85,85,120,192.5,0.5841121495327103,0.21666666666666667,2.264705882352941
volcanion,fire,water,80,110,120,130,90,70,240,250.0,0.3981308411214953,-0.08333333333333333,3.5714285714285716
volcarona,bug,fire,85,60,65,135,105,100,195,212.5,0.7700934579439253,-0.38461538461538464,2.125
wailord,water,,170,90,45,90,45,60,180,175.0,0.2775700934579439,0.0,2.9166666666666665
walking-wake,water,dragon,99,83,91,125,83,109,208,223.5,0.8551401869158879,-0.20192307692307693,2.05045871559633
walrein,ice,water,110,80,90,95,90,65,175,235.0,0.32897196261682243,-0.08571428571428572,3.6153846153846154
watchog,normal,,60,85,69,60,69,77,145,168.0,0.48317757009345796,0.1724137931034483,2.1818181818181817
weavile,dark,ice,70,120,65,45,85,125,165,185.0,0.9532710280373832,0.45454545454545453,1.48
weezing,poison,,65,90,120,85,70,60,175,222.5,0.2775700934579439,0.02857142857142857,3.7083333333333335
whimsicott,grass,fairy,60,67,85,77,75,116,144,190.0,0.9102803738317757,-0.06944444444444445,1.6379310344827587
whiscash,water,ground,110,78,73,76,71,60,154,199.0,0.2775700934579439,0.012987012987012988,3.316666666666667
wigglytuff,normal,fairy,140,70,45,85,50,45,155,165.0,0.14579439252336449,-0.0967741935483871,3.6666666666666665
wo-chien,dark,grass,85,85,100,95,135,70,180,277.5,0.3981308411214953,-0.05555555555555555,3.9642857142857144
wobbuffet,psychic,,190,33,58,33,58,33,66,211.0,0.06822429906542056,0.0,6.393939393939394
wugtrio,water,,35,100,50,50,70,120,150,137.5,0.9271028037383178,0.3333333333333333,1.1458333333333333
wyrdeer,normal,psychic,103,105,72,105,75,65,210,198.5,0.32897196261682243,0.0,3.0538461538461537
xatu,psychic,flying,65,75,70,95,70,95,170,172.5,0.702803738317757,-0.11764705882352941,1.8157894736842106
xerneas,fairy,,126,131,95,131,98,99,262,256.0,0.7448598130841122,0.0,2.585858585858586
xurkitree,electric,,83,89,71,173,71,83,262,183.5,0.5560747663551402,-0.32061068702290074,2.210843373493976
yanmega,bug,flying,86,76,86,116,56,95,192,185.0,0.702803738317757,-0.20833333333333334,1.9473684210526316
yveltal,dark,flying,126,131,95,131,98,99,262,256.0,0.7448598130841122,0.0,2.585858585858586
zacian,fairy,,92,120,115,80,115,138,200,276.0,0.985981308411215,0.2,2.0
zamazenta,fighting,,92,120,115,80,115,138,200,276.0,0.985981308411215,0.2,2.0
zangoose,normal,,73,115,60,60,60,90,175,156.5,0.6429906542056075,0.3142857142857143,1.738888888888889
zapdos,electric,flying,90,90,85,125,90,100,215,220.0,0.7700934579439253,-0.16279069767441862,2.2
zarude,dark,grass,105,120,105,70,95,105,190,252.5,0.8233644859813084,0.2631578947368421,2.4047619047619047
zebstrika,electric,,75,100,63,80,63,116,180,163.5,0.9102803738317757,0.1111111111111111,1.4094827586206897
zekrom,dragon,electric,100,150,120,120,100,90,270,270.0,0.6429906542056075,0.1111111111111111,3.0
zeraora,electric,,88,112,75,102,80,143,214,199.0,0.9906542056074766,0.04672897196261682,1.3916083916083917
zoroark,dark,,60,105,60,120,60,105,225,150.0,0.8233644859813084,-0.06666666666666667,1.4285714285714286
