name,type1,type2,hp,attack,defense,special-attack,special-defense,speed,offensive_index,defensive_index,speed_percentile,physical_special_bias,type_defense_normal,type_defense_fire,type_defense_water,type_defense_grass,type_defense_electric,type_defense_ice,type_defense_fighting,type_defense_poison,type_defense_ground,type_defense_flying,type_defense_psychic,type_defense_bug,type_defense_rock,type_defense_ghost,type_defense_dragon,type_defense_dark,type_defense_steel,type_defense_fairy
abomasnow,grass,ice,90,92,75,92,85,60,184,205.0,0.2599009900990099,0.0,1.0,0.25,1.0,1.0,1.0,0.5,1.0,0.5,4.0,1.0,1.0,0.5,2.0,1.0,1.0,1.0,0.25,1.0
absol,dark,,65,130,60,75,60,75,205,152.5,0.4298679867986799,0.2682926829268293,1.0,1.0,1.0,1.0,1.0,1.0,0.5,1.0,1.0,1.0,2.0,0.5,1.0,2.0,1.0,0.5,1.0,0.5
accelgor,bug,,80,70,40,100,60,145,170,140.0,0.9884488448844884,-0.1764705882352941,1.0,0.5,1.0,2.0,1.0,1.0,0.5,0.5,1.0,0.5,2.0,1.0,1.0,0.5,1.0,2.0,0.5,0.5
aerodactyl,rock,flying,80,105,65,60,75,130,165,180.0,0.9628712871287128,0.2727272727272727,1.0,2.0,1.0,2.0,0.5,2.0,1.0,1.0,0.5,2.0,1.0,4.0,0.5,1.0,1.0,1.0,0.25,1.0
aggron,steel,rock,70,110,180,60,60,50,170,275.0,0.1765676567656765,0.2941176470588235,1.0,1.0,0.5,1.0,0.5,4.0,0.5,1.0,0.5,2.0,1.0,2.0,2.0,1.0,1.0,1.0,0.25,2.0
alakazam,psychic,,55,50,45,135,95,120,185,167.5,0.9191419141914192,-0.4594594594594595,1.0,1.0,1.0,1.0,1.0,1.0,2.0,2.0,1.0,1.0,0.5,1.0,1.0,1.0,1.0,1.0,0.5,1.0
alcremie,fairy,,65,60,75,110,121,64,170,228.5,0.2846534653465346,-0.2941176470588235,1.0,0.5,1.0,1.0,1.0,1.0,2.0,1.0,1.0,1.0,1.0,1.0,1.0,1.0,2.0,2.0,0.5,1.0
alomomola,water,,165,75,80,40,45,65,115,207.5,0.3085808580858086,0.3043478260869565,1.0,2.0,0.5,0.5,1.0,1.0,1.0,1.0,2.0,1.0,1.0,1.0,2.0,1.0,0.5,1.0,2.0,1.0
altaria,dragon,flying,75,70,90,70,105,80,140,232.5,0.4867986798679868,0.0,1.0,1.0,1.0,2.0,0.5,1.0,2.0,1.0,1.0,1.0,1.0,2.0,0.5,1.0,2.0,1.0,0.25,1.0
ambipom,normal,,75,100,66,60,66,115,160,169.5,0.8943894389438944,0.25,1.0,1.0,1.0,1.0,1.0,1.0,1.0,1.0,1.0,1.0,1.0,1.0,0.5,1.0,1.0,1.0,0.5,1.0
amoonguss,grass,poison,114,85,70,85,80,30,170,207.0,0.0404290429042904,0.0,1.0,0.5,2.0,1.0,1.0,1.0,1.0,0.25,1.0,0.5,1.0,0.5,1.0,0.5,0.5,1.0,0.5,2.0
ampharos,electric,,90,75,85,115,90,55,190,220.0,0.2153465346534653,-0.2105263157894736,1.0,1.0,2.0,0.5,0.5,1.0,1.0,1.0,1.0,2.0,1.0,1.0,1.0,1.0,0.5,1.0,1.0,1.0
annihilape,fighting,ghost,110,115,80,50,90,90,165,225.0,0.6056105610561056,0.3939393939393939,2.0,1.0,1.0,1.0,1.0,2.0,1.0,0.5,1.0,0.5,1.0,0.5,2.0,2.0,1.0,1.0,1.0,0.5
appletun,grass,dragon,110,85,80,100,80,30,185,215.0,0.0404290429042904,-0.081081081081081,1.0,0.5,2.0,0.5,1.0,1.0,1.0,0.5,2.0,0.5,1.0,0.5,2.0,1.0,1.0,1.0,0.25,1.0
araquanid,water,bug,68,70,92,50,132,42,120,258.0,0.1113861386138613,0.1666666666666666,1.0,1.0,0.5,1.0,1.0,1.0,0.5,0.5,2.0,0.5,2.0,1.0,2.0,0.5,0.5,2.0,1.0,0.5
arbok,poison,,60,95,69,65,79,80,160,178.0,0.4867986798679868,0.1875,1.0,1.0,1.0,2.0,1.0,1.0,1.0,0.5,0.5,1.0,1.0,1.0,0.5,0.5,1.0,1.0,1.0,2.0
arboliva,grass,normal,78,69,90,125,109,39,194,238.0,0.0899339933993399,-0.2886597938144329,1.0,0.5,2.0,0.5,1.0,1.0,1.0,0.5,2.0,0.5,1.0,0.5,1.0,1.0,0.5,1.0,0.25,1.0
arcanine,fire,,90,110,80,100,80,95,210,205.0,0.6757425742574258,0.0476190476190476,1.0,0.5,0.5,2.0,1.0,2.0,1.0,1.0,1.0,1.0,1.0,2.0,0.5,1.0,0.5,1.0,2.0,1.0
arceus,normal,,120,120,120,120,120,120,240,300.0,0.9191419141914192,0.0,1.0,1.0,1.0,1.0,1.0,1.0,1.0,1.0,1.0,1.0,1.0,1.0,0.5,1.0,1.0,1.0,0.5,1.0
archaludon,steel,dragon,90,105,130,125,65,85,230,240.0,0.5486798679867987,-0.0869565217391304,1.0,0.5,0.5,1.0,0.5,2.0,1.0,1.0,1.0,1.0,1.0,1.0,2.0,1.0,2.0,1.0,0.25,2.0
archeops,rock,flying,75,140,65,112,65,110,252,167.5,0.8597359735973598,0.1111111111111111,1.0,2.0,1.0,2.0,0.5,2.0,1.0,1.0,0.5,2.0,1.0,4.0,0.5,1.0,1.0,1.0,0.25,1.0
arctovish,water,ice,90,90,100,80,90,55,170,235.0,0.2153465346534653,0.0588235294117647,1.0,1.0,0.25,1.0,1.0,0.5,1.0,1.0,4.0,2.0,1.0,1.0,2.0,1.0,1.0,1.0,1.0,1.0
arctozolt,electric,ice,90,100,90,90,80,55,190,215.0,0.2153465346534653,0.0526315789473684,1.0,0.5,1.0,1.0,0.5,0.5,1.0,1.0,2.0,4.0,1.0,1.0,1.0,1.0,1.0,1.0,0.5,1.0
ariados,bug,poison,70,90,70,60,70,40,150,175.0,0.1006600660066006,0.2,1.0,0.5,1.0,4.0,1.0,1.0,0.5,0.25,0.5,0.5,2.0,1.0,0.5,0.25,1.0,2.0,0.5,1.0
armaldo,rock,bug,75,125,100,70,80,45,195,217.5,0.1353135313531353,0.282051282051282,1.0,1.0,1.0,2.0,1.0,2.0,0.25,0.5,0.5,1.0,2.0,2.0,1.0,0.5,1.0,2.0,0.25,0.5
armarouge,fire,psychic,85,60,100,125,80,75,185,222.5,0.4298679867986799,-0.3513513513513513,1.0,0.5,0.5,2.0,1.0,2.0,2.0,2.0,1.0,1.0,0.5,2.0,0.5,1.0,0.5,1.0,1.0,1.0
aromatisse,fairy,,101,72,72,99,89,29,171,211.5,0.0214521452145214,-0.1578947368421052,1.0,0.5,1.0,1.0,1.0,1.0,2.0,1.0,1.0,1.0,1.0,1.0,1.0,1.0,2.0,2.0,0.5,1.0
articuno,ice,flying,90,85,100,95,125,85,180,270.0,0.5486798679867987,-0.0555555555555555,1.0,0.5,0.5,4.0,0.5,0.5,2.0,1.0,2.0,2.0,1.0,2.0,0.5,1.0,2.0,1.0,0.25,1.0
audino,normal,,103,60,86,60,86,50,120,223.5,0.1765676567656765,0.0,1.0,1.0,1.0,1.0,1.0,1.0,1.0,1.0,1.0,1.0,1.0,1.0,0.5,1.0,1.0,1.0,0.5,1.0
aurorus,rock,ice,123,77,72,99,92,58,176,225.5,0.2351485148514851,-0.125,1.0,1.0,0.5,2.0,1.0,1.0,0.5,1.0,1.0,4.0,1.0,2.0,1.0,1.0,2.0,1.0,0.25,1.0
avalugg,ice,,95,117,184,44,46,28,161,277.5,0.0181518151815181,0.453416149068323,1.0,0.5,0.5,2.0,1.0,0.5,1.0,1.0,2.0,2.0,1.0,1.0,1.0,1.0,2.0,1.0,0.5,1.0
azelf,psychic,,75,125,70,125,70,115,250,177.5,0.8943894389438944,0.0,1.0,1.0,1.0,1.0,1.0,1.0,2.0,2.0,1.0,1.0,0.5,1.0,1.0,1.0,1.0,1.0,0.5,1.0
azumarill,water,fairy,100,50,80,60,80,50,110,210.0,0.1765676567656765,-0.0909090909090909,1.0,1.0,0.5,0.5,1.0,1.0,2.0,1.0,2.0,1.0,1.0,1.0,2.0,1.0,1.0,2.0,1.0,1.0
banette,ghost,,64,115,65,83,63,65,198,160.0,0.3085808580858086,0.1616161616161616,1.0,1.0,1.0,1.0,1.0,1.0,1.0,1.0,1.0,1.0,2.0,1.0,1.0,2.0,1.0,0.5,1.0,1.0
barbaracle,rock,water,72,105,115,54,86,68,159,237.0,0.3432343234323432,0.320754716981132,1.0,4.0,0.5,0.5,1.0,2.0,0.5,1.0,1.0,2.0,1.0,2.0,2.0,1.0,0.5,1.0,1.0,1.0
barraskewda,water,,61,123,60,60,50,136,183,140.5,0.9793729372937292,0.3442622950819672,1.0,2.0,0.5,0.5,1.0,1.0,1.0,1.0,2.0,1.0,1.0,1.0,2.0,1.0,0.5,1.0,2.0,1.0
bastiodon,rock,steel,60,52,168,47,138,30,99,336.0,0.0404290429042904,0.0505050505050505,1.0,1.0,0.5,1.0,0.5,4.0,0.5,1.0,0.5,2.0,1.0,2.0,2.0,1.0,1.0,1.0,0.25,2.0
baxcalibur,dragon,ice,115,145,92,75,86,87,220,235.5,0.5742574257425742,0.3181818181818182,1.0,0.5,0.5,2.0,1.0,0.5,1.0,1.0,2.0,2.0,1.0,1.0,1.0,1.0,4.0,1.0,0.25,1.0
beartic,ice,,95,130,80,70,80,50,200,207.5,0.1765676567656765,0.3,1.0,0.5,0.5,2.0,1.0,0.5,1.0,1.0,2.0,2.0,1.0,1.0,1.0,1.0,2.0,1.0,0.5,1.0
beautifly,bug,flying,60,70,50,100,50,65,170,130.0,0.3085808580858086,-0.1764705882352941,1.0,0.5,1.0,4.0,0.5,1.0,1.0,0.5,1.0,0.5,2.0,2.0,0.5,0.5,1.0,2.0,0.25,0.5
beedrill,bug,poison,65,90,40,45,80,75,135,152.5,0.4298679867986799,0.3333333333333333,1.0,0.5,1.0,4.0,1.0,1.0,0.5,0.25,0.5,0.5,2.0,1.0,0.5,0.25,1.0,2.0,0.5,1.0
beheeyem,psychic,,75,75,75,125,95,40,200,207.5,0.1006600660066006,-0.25,1.0,1.0,1.0,1.0,1.0,1.0,2.0,2.0,1.0,1.0,0.5,1.0,1.0,1.0,1.0,1.0,0.5,1.0
bellibolt,electric,,109,64,91,103,83,45,167,228.5,0.1353135313531353,-0.2335329341317365,1.0,1.0,2.0,0.5,0.5,1.0,1.0,1.0,1.0,2.0,1.0,1.0,1.0,1.0,0.5,1.0,1.0,1.0
bellossom,grass,,75,80,95,90,100,50,170,232.5,0.1765676567656765,-0.0588235294117647,1.0,0.5,2.0,0.5,1.0,1.0,1.0,0.5,2.0,0.5,1.0,0.5,2.0,1.0,0.5,1.0,0.5,1.0
bewear,normal,fighting,120,125,80,55,60,60,180,200.0,0.2599009900990099,0.3888888888888889,2.0,1.0,1.0,1.0,1.0,2.0,1.0,0.5,1.0,0.5,0.5,0.5,1.0,1.0,1.0,2.0,0.5,0.5
bibarel,normal,water,79,85,60,55,60,71,140,159.5,0.4001650165016501,0.2142857142857142,1.0,2.0,0.5,0.5,1.0,1.0,1.0,1.0,2.0,1.0,1.0,1.0,1.0,1.0,0.5,1.0,1.0,1.0
blacephalon,fire,ghost,53,127,53,151,79,107,278,158.5,0.8267326732673267,-0.0863309352517985,1.0,0.5,0.5,2.0,1.0,2.0,1.0,1.0,1.0,1.0,2.0,2.0,0.5,2.0,0.5,0.5,2.0,1.0
blastoise,water,,79,83,100,85,105,78,168,244.5,0.4554455445544554,-0.0119047619047619,1.0,2.0,0.5,0.5,1.0,1.0,1.0,1.0,2.0,1.0,1.0,1.0,2.0,1.0,0.5,1.0,2.0,1.0
blaziken,fire,fighting,80,120,70,110,70,80,230,180.0,0.4867986798679868,0.0434782608695652,2.0,0.5,0.5,2.0,1.0,4.0,1.0,0.5,1.0,0.5,0.5,1.0,1.0,1.0,0.5,2.0,2.0,0.5
blissey,normal,,255,10,10,75,135,55,85,272.5,0.2153465346534653,-0.7647058823529411,1.0,1.0,1.0,1.0,1.0,1.0,1.0,1.0,1.0,1.0,1.0,1.0,0.5,1.0,1.0,1.0,0.5,1.0
boltund,electric,,69,90,60,90,60,121,180,154.5,0.9282178217821784,0.0,1.0,1.0,2.0,0.5,0.5,1.0,1.0,1.0,1.0,2.0,1.0,1.0,1.0,1.0,0.5,1.0,1.0,1.0
bombirdier,flying,dark,70,103,85,60,85,82,163,205.0,0.5165016501650165,0.263803680981595,1.0,1.0,1.0,2.0,0.5,1.0,1.0,1.0,1.0,1.0,2.0,1.0,0.5,2.0,1.0,0.5,0.5,0.5
bouffalant,normal,,95,110,95,40,95,55,150,237.5,0.2153465346534653,0.4666666666666667,1.0,1.0,1.0,1.0,1.0,1.0,1.0,1.0,1.0,1.0,1.0,1.0,0.5,1.0,1.0,1.0,0.5,1.0
brambleghast,grass,ghost,55,115,70,80,70,90,195,167.5,0.6056105610561056,0.1794871794871795,1.0,0.5,2.0,0.5,1.0,1.0,1.0,0.5,2.0,0.5,2.0,0.5,2.0,2.0,0.5,0.5,0.5,1.0
braviary,normal,flying,100,123,75,57,75,80,180,200.0,0.4867986798679868,0.3666666666666666,1.0,1.0,1.0,2.0,0.5,1.0,2.0,1.0,1.0,1.0,1.0,2.0,0.25,1.0,1.0,1.0,0.25,1.0
breloom,grass,fighting,60,130,80,60,60,70,190,170.0,0.3729372937293729,0.3684210526315789,2.0,0.5,2.0,0.5,1.0,2.0,1.0,0.25,2.0,0.25,0.5,0.25,4.0,1.0,0.5,2.0,0.5,0.5
bronzong,steel,psychic,67,89,116,79,116,33,168,265.5,0.0618811881188118,0.0595238095238095,1.0,0.5,0.5,1.0,0.5,2.0,2.0,2.0,1.0,1.0,0.5,1.0,2.0,1.0,1.0,1.0,0.25,2.0
brute-bonnet,grass,dark,111,127,99,79,99,55,206,253.5,0.2153465346534653,0.233009708737864,1.0,0.5,2.0,0.5,1.0,1.0,0.5,0.5,2.0,0.5,2.0,0.25,2.0,2.0,0.5,0.5,0.5,0.5
bruxish,water,psychic,68,105,70,70,70,92,175,174.0,0.6402640264026402,0.2,1.0,2.0,0.5,0.5,1.0,1.0,2.0,2.0,2.0,1.0,0.5,1.0,2.0,1.0,0.5,1.0,1.0,1.0
butterfree,bug,flying,60,45,50,90,80,70,135,160.0,0.3729372937293729,-0.3333333333333333,1.0,0.5,1.0,4.0,0.5,1.0,1.0,0.5,1.0,0.5,2.0,2.0,0.5,0.5,1.0,2.0,0.25,0.5
buzzwole,bug,fighting,107,139,139,53,53,79,192,245.5,0.462046204620462,0.4479166666666667,2.0,0.5,1.0,2.0,1.0,2.0,0.5,0.25,1.0,0.25,1.0,0.5,2.0,0.5,1.0,4.0,0.5,0.25
cacturne,grass,dark,70,115,60,115,60,55,230,155.0,0.2153465346534653,0.0,1.0,0.5,2.0,0.5,1.0,1.0,0.5,0.5,2.0,0.5,2.0,0.25,2.0,2.0,0.5,0.5,0.5,0.5
calyrex,psychic,grass,100,80,80,80,80,80,160,210.0,0.4867986798679868,0.0,1.0,0.5,2.0,0.5,1.0,1.0,2.0,1.0,2.0,0.5,0.5,0.5,2.0,1.0,0.5,1.0,0.25,1.0
camerupt,fire,ground,70,100,70,105,75,40,205,180.0,0.1006600660066006,-0.024390243902439,1.0,1.0,0.5,1.0,2.0,2.0,1.0,2.0,1.0,1.0,1.0,2.0,1.0,1.0,0.5,1.0,4.0,1.0
carbink,rock,fairy,50,50,150,50,150,50,100,325.0,0.1765676567656765,0.0,1.0,1.0,1.0,1.0,1.0,2.0,1.0,1.0,0.5,2.0,1.0,2.0,1.0,1.0,2.0,2.0,0.25,1.0
carnivine,grass,,74,100,72,90,72,46,190,181.0,0.1493399339933993,0.0526315789473684,1.0,0.5,2.0,0.5,1.0,1.0,1.0,0.5,2.0,0.5,1.0,0.5,2.0,1.0,0.5,1.0,0.5,1.0
carracosta,water,rock,74,108,133,83,65,32,191,235.0,0.0585808580858085,0.1308900523560209,1.0,4.0,0.5,0.5,1.0,2.0,0.5,1.0,1.0,2.0,1.0,2.0,2.0,1.0,0.5,1.0,1.0,1.0
castform,normal,,70,70,70,70,70,70,140,175.0,0.3729372937293729,0.0,1.0,1.0,1.0,1.0,1.0,1.0,1.0,1.0,1.0,1.0,1.0,1.0,0.5,1.0,1.0,1.0,0.5,1.0
celebi,psychic,grass,100,100,100,100,100,100,200,250.0,0.7533003300330033,0.0,1.0,0.5,2.0,0.5,1.0,1.0,2.0,1.0,2.0,0.5,0.5,0.5,2.0,1.0,0.5,1.0,0.25,1.0
celesteela,steel,flying,97,101,103,107,101,61,208,252.5,0.2813531353135313,-0.0288461538461538,1.0,0.5,0.5,2.0,0.25,2.0,2.0,1.0,1.0,1.0,1.0,2.0,1.0,1.0,1.0,1.0,0.25,2.0
centiskorch,fire,bug,100,115,65,90,90,65,205,205.0,0.3085808580858086,0.1219512195121951,1.0,0.25,0.5,4.0,1.0,2.0,0.5,0.5,1.0,0.5,2.0,2.0,0.5,0.5,0.5,2.0,1.0,0.5
ceruledge,fire,ghost,75,125,80,60,100,85,185,217.5,0.5486798679867987,0.3513513513513513,1.0,0.5,0.5,2.0,1.0,2.0,1.0,1.0,1.0,1.0,2.0,2.0,0.5,2.0,0.5,0.5,2.0,1.0
cetitan,ice,,170,113,65,45,55,73,158,205.0,0.41006600660066,0.430379746835443,1.0,0.5,0.5,2.0,1.0,0.5,1.0,1.0,2.0,2.0,1.0,1.0,1.0,1.0,2.0,1.0,0.5,1.0
chandelure,ghost,fire,60,55,90,145,90,80,200,210.0,0.4867986798679868,-0.45,1.0,0.5,0.5,2.0,1.0,2.0,1.0,1.0,1.0,1.0,2.0,2.0,0.5,2.0,0.5,0.5,2.0,1.0
charizard,fire,flying,78,84,78,109,85,100,193,202.0,0.7533003300330033,-0.1295336787564766,1.0,0.5,0.5,4.0,0.5,2.0,2.0,1.0,1.0,1.0,1.0,4.0,0.25,1.0,0.5,1.0,1.0,1.0
chatot,normal,flying,76,65,45,92,42,91,157,125.0,0.6320132013201321,-0.1719745222929936,1.0,1.0,1.0,2.0,0.5,1.0,2.0,1.0,1.0,1.0,1.0,2.0,0.25,1.0,1.0,1.0,0.25,1.0
cherrim,grass,,70,60,70,87,78,85,147,183.0,0.5486798679867987,-0.1836734693877551,1.0,0.5,2.0,0.5,1.0,1.0,1.0,0.5,2.0,0.5,1.0,0.5,2.0,1.0,0.5,1.0,0.5,1.0
chesnaught,grass,fighting,88,107,122,74,75,64,181,241.0,0.2846534653465346,0.1823204419889502,2.0,0.5,2.0,0.5,1.0,2.0,1.0,0.25,2.0,0.25,0.5,0.25,4.0,1.0,0.5,2.0,0.5,0.5
chi-yu,dark,fire,55,80,80,135,120,100,215,227.5,0.7533003300330033,-0.2558139534883721,1.0,0.5,0.5,2.0,1.0,2.0,0.5,1.0,1.0,1.0,2.0,1.0,0.5,2.0,0.5,0.5,2.0,0.5
chien-pao,dark,ice,80,120,80,90,65,135,210,185.0,0.9735973597359736,0.1428571428571428,1.0,0.5,0.5,2.0,1.0,0.5,0.5,1.0,2.0,2.0,2.0,0.5,1.0,2.0,2.0,0.5,0.5,0.5
chimecho,psychic,,75,50,80,95,90,65,145,207.5,0.3085808580858086,-0.3103448275862069,1.0,1.0,1.0,1.0,1.0,1.0,2.0,2.0,1.0,1.0,0.5,1.0,1.0,1.0,1.0,1.0,0.5,1.0
cinccino,normal,,75,95,60,65,60,115,160,157.5,0.8943894389438944,0.1875,1.0,1.0,1.0,1.0,1.0,1.0,1.0,1.0,1.0,1.0,1.0,1.0,0.5,1.0,1.0,1.0,0.5,1.0
cinderace,fire,,80,116,75,65,75,119,181,190.0,0.9117161716171616,0.281767955801105,1.0,0.5,0.5,2.0,1.0,2.0,1.0,1.0,1.0,1.0,1.0,2.0,0.5,1.0,0.5,1.0,2.0,1.0
clawitzer,water,,71,73,88,120,89,59,193,212.5,0.2392739273927392,-0.2435233160621761,1.0,2.0,0.5,0.5,1.0,1.0,1.0,1.0,2.0,1.0,1.0,1.0,2.0,1.0,0.5,1.0,2.0,1.0
claydol,ground,psychic,60,70,105,70,120,75,140,255.0,0.4298679867986799,0.0,1.0,2.0,1.0,0.5,2.0,1.0,2.0,4.0,1.0,1.0,0.5,1.0,2.0,1.0,1.0,1.0,1.0,1.0
clefable,fairy,,95,70,73,95,90,60,165,210.5,0.2599009900990099,-0.1515151515151515,1.0,0.5,1.0,1.0,1.0,1.0,2.0,1.0,1.0,1.0,1.0,1.0,1.0,1.0,2.0,2.0,0.5,1.0
clodsire,poison,ground,130,75,60,45,100,20,120,225.0,0.0115511551155115,0.25,1.0,2.0,1.0,1.0,2.0,1.0,1.0,1.0,0.5,1.0,1.0,1.0,1.0,0.5,1.0,1.0,2.0,2.0
cloyster,water,ice,50,95,180,85,45,70,180,250.0,0.3729372937293729,0.0555555555555555,1.0,1.0,0.25,1.0,1.0,0.5,1.0,1.0,4.0,2.0,1.0,1.0,2.0,1.0,1.0,1.0,1.0,1.0
coalossal,rock,fire,110,80,120,80,90,30,160,265.0,0.0404290429042904,0.0,1.0,1.0,0.5,2.0,1.0,4.0,0.5,1.0,0.5,2.0,1.0,4.0,0.5,1.0,0.5,1.0,1.0,1.0
cobalion,steel,fighting,91,90,129,90,72,108,180,246.5,0.8341584158415841,0.0,2.0,0.5,0.5,1.0,0.5,4.0,1.0,0.5,1.0,0.5,0.5,0.5,4.0,1.0,1.0,2.0,0.5,1.0
cofagrigus,ghost,,58,50,145,95,105,30,145,279.0,0.0404290429042904,-0.3103448275862069,1.0,1.0,1.0,1.0,1.0,1.0,1.0,1.0,1.0,1.0,2.0,1.0,1.0,2.0,1.0,0.5,1.0,1.0
comfey,fairy,,51,52,90,82,110,100,134,225.5,0.7533003300330033,-0.2238805970149253,1.0,0.5,1.0,1.0,1.0,1.0,2.0,1.0,1.0,1.0,1.0,1.0,1.0,1.0,2.0,2.0,0.5,1.0
conkeldurr,fighting,,105,140,95,55,65,45,195,212.5,0.1353135313531353,0.4358974358974359,2.0,1.0,1.0,1.0,1.0,2.0,1.0,0.5,1.0,0.5,0.5,0.5,2.0,1.0,1.0,2.0,1.0,0.5
copperajah,steel,,122,130,69,80,69,30,210,199.0,0.0404290429042904,0.238095238095238,1.0,0.5,0.5,1.0,0.5,2.0,1.0,1.0,1.0,1.0,1.0,1.0,2.0,1.0,1.0,1.0,0.5,2.0
corviknight,flying,steel,98,87,105,53,85,67,140,239.0,0.3366336633663366,0.2428571428571428,1.0,0.5,0.5,2.0,0.25,2.0,2.0,1.0,1.0,1.0,1.0,2.0,1.0,1.0,1.0,1.0,0.25,2.0
crabominable,fighting,ice,97,132,77,62,67,43,194,192.5,0.1163366336633663,0.3608247422680412,2.0,0.5,0.5,2.0,1.0,1.0,1.0,0.5,2.0,1.0,0.5,0.5,2.0,1.0,2.0,2.0,0.5,0.5
cradily,rock,grass,86,81,97,81,107,43,162,247.0,0.1163366336633663,0.0,1.0,1.0,2.0,0.5,1.0,2.0,0.5,0.5,1.0,1.0,1.0,1.0,2.0,1.0,0.5,1.0,0.25,1.0
cramorant,flying,water,70,85,55,85,95,85,170,185.0,0.5486798679867987,0.0,1.0,2.0,0.5,1.0,0.5,1.0,2.0,1.0,2.0,1.0,1.0,2.0,1.0,1.0,0.5,1.0,1.0,1.0
crawdaunt,water,dark,63,120,85,90,55,55,210,171.5,0.2153465346534653,0.1428571428571428,1.0,2.0,0.5,0.5,1.0,1.0,0.5,1.0,2.0,1.0,2.0,0.5,2.0,2.0,0.5,0.5,2.0,0.5
cresselia,psychic,,120,70,110,75,120,85,145,290.0,0.5486798679867987,-0.0344827586206896,1.0,1.0,1.0,1.0,1.0,1.0,2.0,2.0,1.0,1.0,0.5,1.0,1.0,1.0,1.0,1.0,0.5,1.0
crobat,poison,flying,85,90,80,70,80,130,160,202.5,0.9628712871287128,0.125,1.0,1.0,1.0,4.0,0.5,1.0,2.0,0.5,0.5,1.0,1.0,2.0,0.25,0.5,1.0,1.0,0.5,2.0
crustle,bug,rock,70,105,125,65,75,45,170,235.0,0.1353135313531353,0.2352941176470588,1.0,1.0,1.0,2.0,1.0,2.0,0.25,0.5,0.5,1.0,2.0,2.0,1.0,0.5,1.0,2.0,0.25,0.5
cryogonal,ice,,80,50,50,95,135,105,145,225.0,0.8094059405940595,-0.3103448275862069,1.0,0.5,0.5,2.0,1.0,0.5,1.0,1.0,2.0,2.0,1.0,1.0,1.0,1.0,2.0,1.0,0.5,1.0
cursola,ghost,,60,95,50,145,130,30,240,210.0,0.0404290429042904,-0.2083333333333333,1.0,1.0,1.0,1.0,1.0,1.0,1.0,1.0,1.0,1.0,2.0,1.0,1.0,2.0,1.0,0.5,1.0,1.0
cyclizar,dragon,normal,70,95,65,85,65,121,180,165.0,0.9282178217821784,0.0555555555555555,1.0,1.0,1.0,1.0,1.0,1.0,1.0,1.0,1.0,1.0,1.0,1.0,0.5,1.0,2.0,1.0,0.25,1.0
dachsbun,fairy,,57,80,115,50,80,95,130,223.5,0.6757425742574258,0.2307692307692307,1.0,0.5,1.0,1.0,1.0,1.0,2.0,1.0,1.0,1.0,1.0,1.0,1.0,1.0,2.0,2.0,0.5,1.0
darkrai,dark,,70,90,90,135,90,125,225,215.0,0.9455445544554456,-0.2,1.0,1.0,1.0,1.0,1.0,1.0,0.5,1.0,1.0,1.0,2.0,0.5,1.0,2.0,1.0,0.5,1.0,0.5
decidueye,grass,ghost,78,107,75,100,100,70,207,214.0,0.3729372937293729,0.0338164251207729,1.0,0.5,2.0,0.5,1.0,1.0,1.0,0.5,2.0,0.5,2.0,0.5,2.0,2.0,0.5,0.5,0.5,1.0
dedenne,electric,fairy,67,58,57,81,67,101,139,157.5,0.7813531353135313,-0.1654676258992805,1.0,0.5,2.0,0.5,0.5,1.0,2.0,1.0,1.0,2.0,1.0,1.0,1.0,1.0,1.0,2.0,0.5,1.0
delcatty,normal,,70,65,65,55,55,90,120,155.0,0.6056105610561056,0.0833333333333333,1.0,1.0,1.0,1.0,1.0,1.0,1.0,1.0,1.0,1.0,1.0,1.0,0.5,1.0,1.0,1.0,0.5,1.0
delibird,ice,flying,45,55,45,65,45,75,120,112.5,0.4298679867986799,-0.0833333333333333,1.0,0.5,0.5,4.0,0.5,0.5,2.0,1.0,2.0,2.0,1.0,2.0,0.5,1.0,2.0,1.0,0.25,1.0
delphox,fire,psychic,75,69,72,114,100,104,183,209.5,0.7978547854785478,-0.2459016393442623,1.0,0.5,0.5,2.0,1.0,2.0,2.0,2.0,1.0,1.0,0.5,2.0,0.5,1.0,0.5,1.0,1.0,1.0
dewgong,water,ice,90,70,80,70,95,70,140,220.0,0.3729372937293729,0.0,1.0,1.0,0.25,1.0,1.0,0.5,1.0,1.0,4.0,2.0,1.0,1.0,2.0,1.0,1.0,1.0,1.0,1.0
dhelmise,ghost,grass,70,131,100,86,90,40,217,225.0,0.1006600660066006,0.2073732718894009,1.0,0.5,2.0,0.5,1.0,1.0,1.0,0.5,2.0,0.5,2.0,0.5,2.0,2.0,0.5,0.5,0.5,1.0
dialga,steel,dragon,100,120,120,150,100,90,270,270.0,0.6056105610561056,-0.1111111111111111,1.0,0.5,0.5,1.0,0.5,2.0,1.0,1.0,1.0,1.0,1.0,1.0,2.0,1.0,2.0,1.0,0.25,2.0
diancie,rock,fairy,50,100,150,100,150,50,200,325.0,0.1765676567656765,0.0,1.0,1.0,1.0,1.0,1.0,2.0,1.0,1.0,0.5,2.0,1.0,2.0,1.0,1.0,2.0,2.0,0.25,1.0
diggersby,normal,ground,85,56,77,50,77,78,106,196.5,0.4554455445544554,0.0566037735849056,1.0,2.0,1.0,0.5,2.0,1.0,1.0,2.0,1.0,1.0,1.0,1.0,1.0,1.0,1.0,1.0,1.0,1.0
ditto,normal,,48,48,48,48,48,48,96,120.0,0.1551155115511551,0.0,1.0,1.0,1.0,1.0,1.0,1.0,1.0,1.0,1.0,1.0,1.0,1.0,0.5,1.0,1.0,1.0,0.5,1.0
dodrio,normal,flying,60,110,70,60,60,110,170,160.0,0.8597359735973598,0.2941176470588235,1.0,1.0,1.0,2.0,0.5,1.0,2.0,1.0,1.0,1.0,1.0,2.0,0.25,1.0,1.0,1.0,0.25,1.0
dondozo,water,,150,100,115,65,65,35,165,255.0,0.0734323432343234,0.2121212121212121,1.0,2.0,0.5,0.5,1.0,1.0,1.0,1.0,2.0,1.0,1.0,1.0,2.0,1.0,0.5,1.0,2.0,1.0
donphan,ground,,90,120,120,60,60,50,180,225.0,0.1765676567656765,0.3333333333333333,1.0,2.0,1.0,0.5,2.0,1.0,1.0,2.0,1.0,1.0,1.0,1.0,2.0,1.0,1.0,1.0,2.0,1.0
dracovish,water,dragon,90,90,100,70,80,75,160,225.0,0.4298679867986799,0.125,1.0,2.0,0.5,0.5,1.0,1.0,1.0,1.0,2.0,1.0,1.0,1.0,2.0,1.0,1.0,1.0,1.0,1.0
dracozolt,electric,dragon,90,100,90,80,70,75,180,205.0,0.4298679867986799,0.1111111111111111,1.0,1.0,2.0,0.5,0.5,1.0,1.0,1.0,1.0,2.0,1.0,1.0,1.0,1.0,1.0,1.0,0.5,1.0
dragalge,poison,dragon,65,75,90,97,123,44,172,245.5,0.1212871287128712,-0.127906976744186,1.0,1.0,1.0,2.0,1.0,1.0,1.0,0.5,0.5,1.0,1.0,1.0,0.5,0.5,2.0,1.0,0.5,2.0
dragapult,dragon,ghost,88,120,75,100,75,142,220,194.0,0.9851485148514852,0.0909090909090909,1.0,1.0,1.0,1.0,1.0,1.0,1.0,1.0,1.0,1.0,2.0,1.0,1.0,2.0,2.0,0.5,0.5,1.0
dragonite,dragon,flying,91,134,95,100,100,80,234,240.5,0.4867986798679868,0.1452991452991453,1.0,1.0,1.0,2.0,0.5,1.0,2.0,1.0,1.0,1.0,1.0,2.0,0.5,1.0,2.0,1.0,0.25,1.0
drampa,normal,dragon,78,60,85,135,91,36,195,215.0,0.0841584158415841,-0.3846153846153846,1.0,1.0,1.0,1.0,1.0,1.0,1.0,1.0,1.0,1.0,1.0,1.0,0.5,1.0,2.0,1.0,0.25,1.0
drapion,poison,dark,70,90,110,60,75,95,150,220.0,0.6757425742574258,0.2,1.0,1.0,1.0,2.0,1.0,1.0,0.5,0.5,0.5,1.0,2.0,0.5,0.5,1.0,1.0,0.5,1.0,1.0
drednaw,water,rock,90,115,90,48,68,74,163,203.0,0.4133663366336633,0.4110429447852761,1.0,4.0,0.5,0.5,1.0,2.0,0.5,1.0,1.0,2.0,1.0,2.0,2.0,1.0,0.5,1.0,1.0,1.0
drifblim,ghost,flying,150,80,44,90,54,80,170,173.0,0.4867986798679868,-0.0588235294117647,1.0,1.0,1.0,2.0,0.5,1.0,2.0,1.0,1.0,1.0,2.0,2.0,0.5,2.0,1.0,0.5,0.5,1.0
druddigon,dragon,,77,120,90,60,90,48,180,218.5,0.1551155115511551,0.3333333333333333,1.0,1.0,1.0,1.0,1.0,1.0,1.0,1.0,1.0,1.0,1.0,1.0,1.0,1.0,2.0,1.0,0.5,1.0
dubwool,normal,,72,80,100,60,90,88,140,226.0,0.5792079207920792,0.1428571428571428,1.0,1.0,1.0,1.0,1.0,1.0,1.0,1.0,1.0,1.0,1.0,1.0,0.5,1.0,1.0,1.0,0.5,1.0
dugtrio,ground,,35,100,50,50,70,120,150,137.5,0.9191419141914192,0.3333333333333333,1.0,2.0,1.0,0.5,2.0,1.0,1.0,2.0,1.0,1.0,1.0,1.0,2.0,1.0,1.0,1.0,2.0,1.0
durant,bug,steel,58,109,112,48,48,109,157,189.0,0.844059405940594,0.3885350318471338,1.0,0.25,0.5,2.0,0.5,2.0,0.5,0.5,1.0,0.5,2.0,1.0,2.0,0.5,1.0,2.0,0.25,1.0
dusknoir,ghost,,45,100,135,65,135,45,165,292.5,0.1353135313531353,0.2121212121212121,1.0,1.0,1.0,1.0,1.0,1.0,1.0,1.0,1.0,1.0,2.0,1.0,1.0,2.0,1.0,0.5,1.0,1.0
dustox,bug,poison,60,50,70,50,90,65,100,190.0,0.3085808580858086,0.0,1.0,0.5,1.0,4.0,1.0,1.0,0.5,0.25,0.5,0.5,2.0,1.0,0.5,0.25,1.0,2.0,0.5,1.0
eelektross,electric,,85,115,80,105,80,50,220,202.5,0.1765676567656765,0.0454545454545454,1.0,1.0,2.0,0.5,0.5,1.0,1.0,1.0,1.0,2.0,1.0,1.0,1.0,1.0,0.5,1.0,1.0,1.0
eldegoss,grass,,60,50,90,80,120,60,130,240.0,0.2599009900990099,-0.2307692307692307,1.0,0.5,2.0,0.5,1.0,1.0,1.0,0.5,2.0,0.5,1.0,0.5,2.0,1.0,0.5,1.0,0.5,1.0
electivire,electric,,75,123,67,95,85,95,218,189.5,0.6757425742574258,0.128440366972477,1.0,1.0,2.0,0.5,0.5,1.0,1.0,1.0,1.0,2.0,1.0,1.0,1.0,1.0,0.5,1.0,1.0,1.0
electrode,electric,,60,50,70,80,80,150,130,180.0,0.9917491749174916,-0.2307692307692307,1.0,1.0,2.0,0.5,0.5,1.0,1.0,1.0,1.0,2.0,1.0,1.0,1.0,1.0,0.5,1.0,1.0,1.0
emboar,fire,fighting,110,123,65,100,65,65,223,185.0,0.3085808580858086,0.1031390134529148,2.0,0.5,0.5,2.0,1.0,4.0,1.0,0.5,1.0,0.5,0.5,1.0,1.0,1.0,0.5,2.0,2.0,0.5
emolga,electric,flying,55,75,60,75,60,103,150,147.5,0.7929042904290429,0.0,1.0,1.0,2.0,1.0,0.25,1.0,2.0,1.0,1.0,2.0,1.0,2.0,0.5,1.0,0.5,1.0,0.5,1.0
empoleon,water,steel,84,86,88,111,101,60,197,231.0,0.2599009900990099,-0.1269035532994923,1.0,1.0,0.25,0.5,0.5,2.0,1.0,1.0,2.0,1.0,1.0,1.0,4.0,1.0,0.5,1.0,1.0,2.0
entei,fire,,115,115,85,90,75,100,205,217.5,0.7533003300330033,0.1219512195121951,1.0,0.5,0.5,2.0,1.0,2.0,1.0,1.0,1.0,1.0,1.0,2.0,0.5,1.0,0.5,1.0,2.0,1.0
escavalier,bug,steel,70,135,105,60,105,20,195,245.0,0.0115511551155115,0.3846153846153846,1.0,0.25,0.5,2.0,0.5,2.0,0.5,0.5,1.0,0.5,2.0,1.0,2.0,0.5,1.0,2.0,0.25,1.0
espathra,psychic,,95,60,60,101,60,105,161,167.5,0.8094059405940595,-0.2546583850931677,1.0,1.0,1.0,1.0,1.0,1.0,2.0,2.0,1.0,1.0,0.5,1.0,1.0,1.0,1.0,1.0,0.5,1.0
espeon,psychic,,65,65,60,130,95,110,195,187.5,0.8597359735973598,-0.3333333333333333,1.0,1.0,1.0,1.0,1.0,1.0,2.0,2.0,1.0,1.0,0.5,1.0,1.0,1.0,1.0,1.0,0.5,1.0
eternatus,poison,dragon,140,85,95,145,95,130,230,260.0,0.9628712871287128,-0.2608695652173913,1.0,1.0,1.0,2.0,1.0,1.0,1.0,0.5,0.5,1.0,1.0,1.0,0.5,0.5,2.0,1.0,0.5,2.0
excadrill,ground,steel,110,135,60,50,65,88,185,180.0,0.5792079207920792,0.4594594594594595,1.0,1.0,0.5,0.5,1.0,2.0,1.0,2.0,1.0,1.0,1.0,1.0,4.0,1.0,1.0,1.0,1.0,2.0
exeggutor,grass,psychic,95,95,85,125,75,55,220,207.5,0.2153465346534653,-0.1363636363636363,1.0,0.5,2.0,0.5,1.0,1.0,2.0,1.0,2.0,0.5,0.5,0.5,2.0,1.0,0.5,1.0,0.25,1.0
exploud,normal,,104,91,63,91,73,68,182,188.0,0.3432343234323432,0.0,1.0,1.0,1.0,1.0,1.0,1.0,1.0,1.0,1.0,1.0,1.0,1.0,0.5,1.0,1.0,1.0,0.5,1.0
falinks,fighting,,65,100,100,70,60,75,170,192.5,0.4298679867986799,0.1764705882352941,2.0,1.0,1.0,1.0,1.0,2.0,1.0,0.5,1.0,0.5,0.5,0.5,2.0,1.0,1.0,2.0,1.0,0.5
farigiraf,normal,psychic,120,90,70,110,70,60,200,200.0,0.2599009900990099,-0.1,1.0,1.0,1.0,1.0,1.0,1.0,2.0,2.0,1.0,1.0,0.5,1.0,0.5,1.0,1.0,1.0,0.25,1.0
fearow,normal,flying,65,90,65,61,61,100,151,158.5,0.7533003300330033,0.1920529801324503,1.0,1.0,1.0,2.0,0.5,1.0,2.0,1.0,1.0,1.0,1.0,2.0,0.25,1.0,1.0,1.0,0.25,1.0
feraligatr,water,,85,105,100,79,83,78,184,225.5,0.4554455445544554,0.1413043478260869,1.0,2.0,0.5,0.5,1.0,1.0,1.0,1.0,2.0,1.0,1.0,1.0,2.0,1.0,0.5,1.0,2.0,1.0
ferrothorn,grass,steel,74,94,131,54,116,20,148,284.0,0.0115511551155115,0.2702702702702703,1.0,0.25,1.0,0.5,0.5,2.0,1.0,0.5,2.0,0.5,1.0,0.5,4.0,1.0,0.5,1.0,0.25,2.0
fezandipiti,poison,fairy,88,91,82,70,125,99,161,251.0,0.7277227722772277,0.1304347826086956,1.0,0.5,1.0,2.0,1.0,1.0,2.0,0.5,0.5,1.0,1.0,1.0,0.5,0.5,2.0,2.0,0.5,2.0
flamigo,flying,fighting,82,115,74,75,64,90,190,179.0,0.6056105610561056,0.2105263157894736,2.0,1.0,1.0,2.0,0.5,2.0,2.0,0.5,1.0,0.5,0.5,1.0,1.0,1.0,1.0,2.0,0.5,0.5
flapple,grass,dragon,70,110,80,95,60,70,205,175.0,0.3729372937293729,0.073170731707317,1.0,0.5,2.0,0.5,1.0,1.0,1.0,0.5,2.0,0.5,1.0,0.5,2.0,1.0,1.0,1.0,0.25,1.0
flareon,fire,,65,130,60,95,110,65,225,202.5,0.3085808580858086,0.1555555555555555,1.0,0.5,0.5,2.0,1.0,2.0,1.0,1.0,1.0,1.0,1.0,2.0,0.5,1.0,0.5,1.0,2.0,1.0
floatzel,water,,85,105,55,85,50,115,190,147.5,0.8943894389438944,0.1052631578947368,1.0,2.0,0.5,0.5,1.0,1.0,1.0,1.0,2.0,1.0,1.0,1.0,2.0,1.0,0.5,1.0,2.0,1.0
florges,fairy,,78,65,68,112,154,75,177,261.0,0.4298679867986799,-0.2655367231638418,1.0,0.5,1.0,1.0,1.0,1.0,2.0,1.0,1.0,1.0,1.0,1.0,1.0,1.0,2.0,2.0,0.5,1.0
flutter-mane,ghost,fairy,55,55,55,135,135,135,190,217.5,0.9735973597359736,-0.4210526315789473,1.0,0.5,1.0,1.0,1.0,1.0,2.0,1.0,1.0,1.0,2.0,1.0,1.0,2.0,2.0,1.0,0.5,1.0
flygon,ground,dragon,80,100,80,80,80,100,180,200.0,0.7533003300330033,0.1111111111111111,1.0,2.0,1.0,0.5,2.0,1.0,1.0,2.0,1.0,1.0,1.0,1.0,2.0,1.0,2.0,1.0,1.0,1.0
forretress,bug,steel,75,90,140,60,60,40,150,237.5,0.1006600660066006,0.2,1.0,0.25,0.5,2.0,0.5,2.0,0.5,0.5,1.0,0.5,2.0,1.0,2.0,0.5,1.0,2.0,0.25,1.0
froslass,ice,ghost,70,80,70,80,70,110,160,175.0,0.8597359735973598,0.0,1.0,0.5,0.5,2.0,1.0,0.5,1.0,1.0,2.0,2.0,2.0,1.0,1.0,2.0,2.0,0.5,0.5,1.0
frosmoth,ice,bug,70,65,60,125,90,65,190,185.0,0.3085808580858086,-0.3157894736842105,1.0,0.25,0.5,4.0,1.0,0.5,0.5,0.5,2.0,1.0,2.0,1.0,1.0,0.5,2.0,2.0,0.25,0.5
furfrou,normal,,75,80,60,65,90,102,145,187.5,0.7896039603960396,0.1034482758620689,1.0,1.0,1.0,1.0,1.0,1.0,1.0,1.0,1.0,1.0,1.0,1.0,0.5,1.0,1.0,1.0,0.5,1.0
furret,normal,,85,76,64,45,55,90,121,161.5,0.6056105610561056,0.256198347107438,1.0,1.0,1.0,1.0,1.0,1.0,1.0,1.0,1.0,1.0,1.0,1.0,0.5,1.0,1.0,1.0,0.5,1.0
gallade,psychic,fighting,68,125,65,65,115,80,190,214.0,0.4867986798679868,0.3157894736842105,2.0,1.0,1.0,1.0,1.0,2.0,2.0,1.0,1.0,0.5,0.25,0.5,2.0,1.0,1.0,2.0,0.5,0.5
galvantula,bug,electric,70,77,60,97,60,108,174,155.0,0.8341584158415841,-0.1149425287356321,1.0,0.5,2.0,1.0,0.5,1.0,0.5,0.5,1.0,1.0,2.0,1.0,1.0,0.5,0.5,2.0,0.5,0.5
garbodor,poison,,80,95,82,60,82,75,155,204.0,0.4298679867986799,0.2258064516129032,1.0,1.0,1.0,2.0,1.0,1.0,1.0,0.5,0.5,1.0,1.0,1.0,0.5,0.5,1.0,1.0,1.0,2.0
garchomp,dragon,ground,108,130,95,80,85,102,210,234.0,0.7896039603960396,0.238095238095238,1.0,2.0,1.0,0.5,2.0,1.0,1.0,2.0,1.0,1.0,1.0,1.0,2.0,1.0,2.0,1.0,1.0,1.0
gardevoir,psychic,fairy,68,65,65,125,115,80,190,214.0,0.4867986798679868,-0.3157894736842105,1.0,0.5,1.0,1.0,1.0,1.0,4.0,2.0,1.0,1.0,0.5,1.0,1.0,1.0,2.0,2.0,0.25,1.0
garganacl,rock,,100,100,130,45,90,35,145,270.0,0.0734323432343234,0.3793103448275862,1.0,2.0,1.0,1.0,1.0,2.0,0.5,1.0,0.5,2.0,1.0,2.0,1.0,1.0,1.0,1.0,0.5,1.0
gastrodon,water,ground,111,83,68,92,82,39,175,205.5,0.0899339933993399,-0.0514285714285714,1.0,4.0,0.5,0.25,2.0,1.0,1.0,2.0,2.0,1.0,1.0,1.0,4.0,1.0,0.5,1.0,4.0,1.0
genesect,bug,steel,71,120,95,120,95,99,240,225.5,0.7277227722772277,0.0,1.0,0.25,0.5,2.0,0.5,2.0,0.5,0.5,1.0,0.5,2.0,1.0,2.0,0.5,1.0,2.0,0.25,1.0
gengar,ghost,poison,60,65,60,130,75,110,195,165.0,0.8597359735973598,-0.3333333333333333,1.0,1.0,1.0,2.0,1.0,1.0,1.0,0.5,0.5,1.0,2.0,1.0,0.5,1.0,1.0,0.5,1.0,2.0
gholdengo,steel,ghost,87,60,95,133,91,84,193,229.5,0.5247524752475248,-0.3782383419689119,1.0,0.5,0.5,1.0,0.5,2.0,1.0,1.0,1.0,1.0,2.0,1.0,2.0,2.0,1.0,0.5,0.5,2.0
gigalith,rock,,85,135,130,60,80,25,195,252.5,0.0165016501650165,0.3846153846153846,1.0,2.0,1.0,1.0,1.0,2.0,0.5,1.0,0.5,2.0,1.0,2.0,1.0,1.0,1.0,1.0,0.5,1.0
glaceon,ice,,65,60,110,130,95,65,190,237.5,0.3085808580858086,-0.3684210526315789,1.0,0.5,0.5,2.0,1.0,0.5,1.0,1.0,2.0,2.0,1.0,1.0,1.0,1.0,2.0,1.0,0.5,1.0
glalie,ice,,80,80,80,80,80,80,160,200.0,0.4867986798679868,0.0,1.0,0.5,0.5,2.0,1.0,0.5,1.0,1.0,2.0,2.0,1.0,1.0,1.0,1.0,2.0,1.0,0.5,1.0
glastrier,ice,,100,145,130,65,110,30,210,290.0,0.0404290429042904,0.3809523809523809,1.0,0.5,0.5,2.0,1.0,0.5,1.0,1.0,2.0,2.0,1.0,1.0,1.0,1.0,2.0,1.0,0.5,1.0
glimmora,rock,poison,83,55,90,130,81,86,185,212.5,0.570957095709571,-0.4054054054054054,1.0,2.0,1.0,2.0,1.0,2.0,0.5,0.5,0.25,2.0,1.0,2.0,0.5,0.5,1.0,1.0,0.5,2.0
gliscor,ground,flying,75,95,125,45,75,95,140,237.5,0.6757425742574258,0.3571428571428571,1.0,2.0,1.0,1.0,1.0,1.0,2.0,2.0,1.0,1.0,1.0,2.0,1.0,1.0,1.0,1.0,1.0,1.0
gogoat,grass,,123,100,62,97,81,68,197,204.5,0.3432343234323432,0.015228426395939,1.0,0.5,2.0,0.5,1.0,1.0,1.0,0.5,2.0,0.5,1.0,0.5,2.0,1.0,0.5,1.0,0.5,1.0
golduck,water,,80,82,78,95,80,85,177,198.0,0.5486798679867987,-0.0734463276836158,1.0,2.0,0.5,0.5,1.0,1.0,1.0,1.0,2.0,1.0,1.0,1.0,2.0,1.0,0.5,1.0,2.0,1.0
golem,rock,ground,80,120,130,55,65,45,175,235.0,0.1353135313531353,0.3714285714285714,1.0,4.0,1.0,0.5,2.0,2.0,0.5,2.0,0.5,2.0,1.0,2.0,2.0,1.0,1.0,1.0,1.0,1.0
golisopod,bug,water,75,125,140,60,90,40,185,267.5,0.1006600660066006,0.3513513513513513,1.0,1.0,0.5,1.0,1.0,1.0,0.5,0.5,2.0,0.5,2.0,1.0,2.0,0.5,0.5,2.0,1.0,0.5
golurk,ground,ghost,89,124,80,55,80,55,179,204.5,0.2153465346534653,0.3854748603351955,1.0,2.0,1.0,0.5,2.0,1.0,1.0,2.0,1.0,1.0,2.0,1.0,2.0,2.0,1.0,0.5,2.0,1.0
goodra,dragon,,90,100,70,110,150,80,210,265.0,0.4867986798679868,-0.0476190476190476,1.0,1.0,1.0,1.0,1.0,1.0,1.0,1.0,1.0,1.0,1.0,1.0,1.0,1.0,2.0,1.0,0.5,1.0
gorebyss,water,,55,84,105,114,75,52,198,207.5,0.1988448844884488,-0.1515151515151515,1.0,2.0,0.5,0.5,1.0,1.0,1.0,1.0,2.0,1.0,1.0,1.0,2.0,1.0,0.5,1.0,2.0,1.0
gothitelle,psychic,,70,55,95,95,110,65,150,240.0,0.3085808580858086,-0.2666666666666666,1.0,1.0,1.0,1.0,1.0,1.0,2.0,2.0,1.0,1.0,0.5,1.0,1.0,1.0,1.0,1.0,0.5,1.0
gouging-fire,fire,dragon,105,115,121,65,93,91,180,266.5,0.6320132013201321,0.2777777777777778,1.0,0.5,0.5,2.0,1.0,2.0,1.0,1.0,1.0,1.0,1.0,2.0,0.5,1.0,1.0,1.0,1.0,1.0
grafaiai,poison,normal,63,95,65,80,72,110,175,168.5,0.8597359735973598,0.0857142857142857,1.0,1.0,1.0,2.0,1.0,1.0,1.0,0.5,0.5,1.0,1.0,1.0,0.25,0.5,1.0,1.0,0.5,2.0
granbull,fairy,,90,120,75,60,60,45,180,180.0,0.1353135313531353,0.3333333333333333,1.0,0.5,1.0,1.0,1.0,1.0,2.0,1.0,1.0,1.0,1.0,1.0,1.0,1.0,2.0,2.0,0.5,1.0
grapploct,fighting,,80,118,90,70,80,42,188,210.0,0.1113861386138613,0.2553191489361702,2.0,1.0,1.0,1.0,1.0,2.0,1.0,0.5,1.0,0.5,0.5,0.5,2.0,1.0,1.0,2.0,1.0,0.5
great-tusk,ground,fighting,115,131,131,53,53,87,184,241.5,0.5742574257425742,0.4239130434782608,2.0,2.0,1.0,0.5,2.0,2.0,1.0,1.0,1.0,0.5,0.5,0.5,4.0,1.0,1.0,2.0,2.0,0.5
greedent,normal,,120,95,95,55,75,20,150,230.0,0.0115511551155115,0.2666666666666666,1.0,1.0,1.0,1.0,1.0,1.0,1.0,1.0,1.0,1.0,1.0,1.0,0.5,1.0,1.0,1.0,0.5,1.0
greninja,water,dark,72,95,67,103,71,122,198,174.0,0.9323432343234324,-0.0404040404040404,1.0,2.0,0.5,0.5,1.0,1.0,0.5,1.0,2.0,1.0,2.0,0.5,2.0,2.0,0.5,0.5,2.0,0.5
grimmsnarl,dark,fairy,95,120,65,95,75,60,215,187.5,0.2599009900990099,0.1162790697674418,1.0,0.5,1.0,1.0,1.0,1.0,1.0,1.0,1.0,1.0,2.0,0.5,1.0,2.0,2.0,1.0,0.5,0.5
groudon,ground,,100,150,140,100,90,90,250,280.0,0.6056105610561056,0.2,1.0,2.0,1.0,0.5,2.0,1.0,1.0,2.0,1.0,1.0,1.0,1.0,2.0,1.0,1.0,1.0,2.0,1.0
grumpig,psychic,,80,45,65,90,110,80,135,215.0,0.4867986798679868,-0.3333333333333333,1.0,1.0,1.0,1.0,1.0,1.0,2.0,2.0,1.0,1.0,0.5,1.0,1.0,1.0,1.0,1.0,0.5,1.0
gumshoos,normal,,88,110,60,55,60,45,165,164.0,0.1353135313531353,0.3333333333333333,1.0,1.0,1.0,1.0,1.0,1.0,1.0,1.0,1.0,1.0,1.0,1.0,0.5,1.0,1.0,1.0,0.5,1.0
guzzlord,dark,dragon,223,101,53,97,53,43,198,217.5,0.1163366336633663,0.0202020202020202,1.0,1.0,1.0,1.0,1.0,1.0,0.5,1.0,1.0,1.0,2.0,0.5,1.0,2.0,2.0,0.5,0.5,0.5
gyarados,water,flying,95,125,79,60,100,81,185,226.5,0.5115511551155115,0.3513513513513513,1.0,2.0,0.5,1.0,0.5,1.0,2.0,1.0,2.0,1.0,1.0,2.0,1.0,1.0,0.5,1.0,1.0,1.0
hariyama,fighting,,144,120,60,40,60,50,160,192.0,0.1765676567656765,0.5,2.0,1.0,1.0,1.0,1.0,2.0,1.0,0.5,1.0,0.5,0.5,0.5,2.0,1.0,1.0,2.0,1.0,0.5
hatterene,psychic,fairy,57,90,95,136,103,29,226,226.5,0.0214521452145214,-0.2035398230088495,1.0,0.5,1.0,1.0,1.0,1.0,4.0,2.0,1.0,1.0,0.5,1.0,1.0,1.0,2.0,2.0,0.25,1.0
hawlucha,fighting,flying,78,92,75,74,63,118,166,177.0,0.9092409240924092,0.108433734939759,2.0,1.0,1.0,2.0,0.5,2.0,2.0,0.5,1.0,0.5,0.5,1.0,1.0,1.0,1.0,2.0,0.5,0.5
haxorus,dragon,,76,147,90,60,70,97,207,198.0,0.7095709570957096,0.4202898550724637,1.0,1.0,1.0,1.0,1.0,1.0,1.0,1.0,1.0,1.0,1.0,1.0,1.0,1.0,2.0,1.0,0.5,1.0
heatmor,fire,,85,97,66,105,66,65,202,174.5,0.3085808580858086,-0.0396039603960396,1.0,0.5,0.5,2.0,1.0,2.0,1.0,1.0,1.0,1.0,1.0,2.0,0.5,1.0,0.5,1.0,2.0,1.0
heatran,fire,steel,91,90,106,130,106,77,220,257.5,0.4496699669966996,-0.1818181818181818,1.0,0.25,0.25,2.0,0.5,4.0,1.0,1.0,1.0,1.0,1.0,2.0,1.0,1.0,0.5,1.0,1.0,2.0
heliolisk,electric,normal,62,55,52,109,94,109,164,177.0,0.844059405940594,-0.3292682926829268,1.0,1.0,2.0,0.5,0.5,1.0,1.0,1.0,1.0,2.0,1.0,1.0,0.5,1.0,0.5,1.0,0.5,1.0
heracross,bug,fighting,80,125,75,40,95,85,165,210.0,0.5486798679867987,0.5151515151515151,2.0,0.5,1.0,2.0,1.0,2.0,0.5,0.25,1.0,0.25,1.0,0.5,2.0,0.5,1.0,4.0,0.5,0.25
hippowdon,ground,,108,112,118,68,72,47,180,244.0,0.1518151815181518,0.2444444444444444,1.0,2.0,1.0,0.5,2.0,1.0,1.0,2.0,1.0,1.0,1.0,1.0,2.0,1.0,1.0,1.0,2.0,1.0
hitmonchan,fighting,,50,105,79,35,110,76,140,214.0,0.4463696369636963,0.5,2.0,1.0,1.0,1.0,1.0,2.0,1.0,0.5,1.0,0.5,0.5,0.5,2.0,1.0,1.0,2.0,1.0,0.5
hitmonlee,fighting,,50,120,53,35,110,87,155,188.0,0.5742574257425742,0.5483870967741935,2.0,1.0,1.0,1.0,1.0,2.0,1.0,0.5,1.0,0.5,0.5,0.5,2.0,1.0,1.0,2.0,1.0,0.5
hitmontop,fighting,,50,95,95,35,110,70,130,230.0,0.3729372937293729,0.4615384615384615,2.0,1.0,1.0,1.0,1.0,2.0,1.0,0.5,1.0,0.5,0.5,0.5,2.0,1.0,1.0,2.0,1.0,0.5
ho-oh,fire,flying,106,130,90,110,154,90,240,297.0,0.6056105610561056,0.0833333333333333,1.0,0.5,0.5,4.0,0.5,2.0,2.0,1.0,1.0,1.0,1.0,4.0,0.25,1.0,0.5,1.0,1.0,1.0
honchkrow,dark,flying,100,125,52,105,52,71,230,154.0,0.4001650165016501,0.0869565217391304,1.0,1.0,1.0,2.0,0.5,1.0,1.0,1.0,1.0,1.0,2.0,1.0,0.5,2.0,1.0,0.5,0.5,0.5
hoopa,psychic,ghost,80,110,60,150,130,70,260,230.0,0.3729372937293729,-0.1538461538461538,1.0,1.0,1.0,1.0,1.0,1.0,2.0,2.0,1.0,1.0,1.0,1.0,1.0,2.0,1.0,0.5,0.5,1.0
houndoom,dark,fire,75,90,50,110,80,95,200,167.5,0.6757425742574258,-0.1,1.0,0.5,0.5,2.0,1.0,2.0,0.5,1.0,1.0,1.0,2.0,1.0,0.5,2.0,0.5,0.5,2.0,0.5
houndstone,ghost,,72,101,100,50,97,68,151,233.0,0.3432343234323432,0.3377483443708609,1.0,1.0,1.0,1.0,1.0,1.0,1.0,1.0,1.0,1.0,2.0,1.0,1.0,2.0,1.0,0.5,1.0,1.0
huntail,water,,55,104,105,94,75,52,198,207.5,0.1988448844884488,0.0505050505050505,1.0,2.0,0.5,0.5,1.0,1.0,1.0,1.0,2.0,1.0,1.0,1.0,2.0,1.0,0.5,1.0,2.0,1.0
hydrapple,grass,dragon,106,80,110,120,80,44,200,243.0,0.1212871287128712,-0.2,1.0,0.5,2.0,0.5,1.0,1.0,1.0,0.5,2.0,0.5,1.0,0.5,2.0,1.0,1.0,1.0,0.25,1.0
hydreigon,dark,dragon,92,105,90,125,90,98,230,226.0,0.7211221122112211,-0.0869565217391304,1.0,1.0,1.0,1.0,1.0,1.0,0.5,1.0,1.0,1.0,2.0,0.5,1.0,2.0,2.0,0.5,0.5,0.5
hypno,psychic,,85,73,70,73,115,67,146,227.5,0.3366336633663366,0.0,1.0,1.0,1.0,1.0,1.0,1.0,2.0,2.0,1.0,1.0,0.5,1.0,1.0,1.0,1.0,1.0,0.5,1.0
illumise,bug,,65,47,75,73,85,85,120,192.5,0.5486798679867987,-0.2166666666666666,1.0,0.5,1.0,2.0,1.0,1.0,0.5,0.5,1.0,0.5,2.0,1.0,1.0,0.5,1.0,2.0,0.5,0.5
incineroar,fire,dark,95,115,90,80,90,60,195,227.5,0.2599009900990099,0.1794871794871795,1.0,0.5,0.5,2.0,1.0,2.0,0.5,1.0,1.0,1.0,2.0,1.0,0.5,2.0,0.5,0.5,2.0,0.5
infernape,fire,fighting,76,104,71,104,71,108,208,180.0,0.8341584158415841,0.0,2.0,0.5,0.5,2.0,1.0,4.0,1.0,0.5,1.0,0.5,0.5,1.0,1.0,1.0,0.5,2.0,2.0,0.5
inteleon,water,,70,85,65,125,65,120,210,165.0,0.9191419141914192,-0.1904761904761904,1.0,2.0,0.5,0.5,1.0,1.0,1.0,1.0,2.0,1.0,1.0,1.0,2.0,1.0,0.5,1.0,2.0,1.0
iron-boulder,rock,psychic,90,120,80,68,108,124,188,233.0,0.9389438943894388,0.2765957446808511,1.0,2.0,1.0,1.0,1.0,2.0,1.0,2.0,0.5,2.0,0.5,2.0,1.0,1.0,1.0,1.0,0.25,1.0
iron-bundle,ice,water,56,80,114,124,60,136,204,202.0,0.9793729372937292,-0.2156862745098039,1.0,1.0,0.25,1.0,1.0,0.5,1.0,1.0,4.0,2.0,1.0,1.0,2.0,1.0,1.0,1.0,1.0,1.0
iron-crown,steel,psychic,90,72,100,122,108,98,194,253.0,0.7211221122112211,-0.2577319587628865,1.0,0.5,0.5,1.0,0.5,2.0,2.0,2.0,1.0,1.0,0.5,1.0,2.0,1.0,1.0,1.0,0.25,2.0
iron-hands,fighting,electric,154,140,108,50,68,50,190,253.0,0.1765676567656765,0.4736842105263157,2.0,1.0,2.0,0.5,0.5,2.0,1.0,0.5,1.0,1.0,0.5,0.5,2.0,1.0,0.5,2.0,1.0,0.5
iron-jugulis,dark,flying,94,80,86,122,80,108,202,213.0,0.8341584158415841,-0.2079207920792079,1.0,1.0,1.0,2.0,0.5,1.0,1.0,1.0,1.0,1.0,2.0,1.0,0.5,2.0,1.0,0.5,0.5,0.5
iron-leaves,grass,psychic,90,130,88,70,108,104,200,241.0,0.7978547854785478,0.3,1.0,0.5,2.0,0.5,1.0,1.0,2.0,1.0,2.0,0.5,0.5,0.5,2.0,1.0,0.5,1.0,0.25,1.0
iron-moth,fire,poison,80,70,60,140,110,110,210,210.0,0.8597359735973598,-0.3333333333333333,1.0,0.5,0.5,4.0,1.0,2.0,1.0,0.5,0.5,1.0,1.0,2.0,0.25,0.5,0.5,1.0,2.0,2.0
iron-thorns,rock,electric,100,134,110,70,84,72,204,244.0,0.4059405940594059,0.3137254901960784,1.0,2.0,2.0,0.5,0.5,2.0,0.5,1.0,0.5,4.0,1.0,2.0,1.0,1.0,0.5,1.0,0.5,1.0
iron-treads,ground,steel,90,112,120,72,70,106,184,235.0,0.8217821782178217,0.217391304347826,1.0,1.0,0.5,0.5,1.0,2.0,1.0,2.0,1.0,1.0,1.0,1.0,4.0,1.0,1.0,1.0,1.0,2.0
iron-valiant,fairy,fighting,74,130,90,120,60,116,250,187.0,0.9042904290429042,0.04,2.0,0.5,1.0,1.0,1.0,2.0,2.0,0.5,1.0,0.5,0.5,0.5,2.0,1.0,2.0,4.0,0.5,0.5
jellicent,water,ghost,100,60,70,85,105,60,145,225.0,0.2599009900990099,-0.1724137931034483,1.0,2.0,0.5,0.5,1.0,1.0,1.0,1.0,2.0,1.0,2.0,1.0,2.0,2.0,0.5,0.5,2.0,1.0
jirachi,steel,psychic,100,100,100,100,100,100,200,250.0,0.7533003300330033,0.0,1.0,0.5,0.5,1.0,0.5,2.0,2.0,2.0,1.0,1.0,0.5,1.0,2.0,1.0,1.0,1.0,0.25,2.0
jolteon,electric,,65,65,60,110,95,130,175,187.5,0.9628712871287128,-0.2571428571428571,1.0,1.0,2.0,0.5,0.5,1.0,1.0,1.0,1.0,2.0,1.0,1.0,1.0,1.0,0.5,1.0,1.0,1.0
jumpluff,grass,flying,75,55,70,55,95,110,110,202.5,0.8597359735973598,0.0,1.0,0.5,2.0,1.0,0.5,1.0,2.0,0.5,2.0,0.5,1.0,1.0,1.0,1.0,0.5,1.0,0.25,1.0
jynx,ice,psychic,65,50,35,115,95,95,165,162.5,0.6757425742574258,-0.3939393939393939,1.0,0.5,0.5,2.0,1.0,0.5,2.0,2.0,2.0,2.0,0.5,1.0,1.0,1.0,2.0,1.0,0.25,1.0
kabutops,rock,water,60,115,105,65,70,80,180,205.0,0.4867986798679868,0.2777777777777778,1.0,4.0,0.5,0.5,1.0,2.0,0.5,1.0,1.0,2.0,1.0,2.0,2.0,1.0,0.5,1.0,1.0,1.0
kangaskhan,normal,,105,95,80,40,80,90,135,212.5,0.6056105610561056,0.4074074074074074,1.0,1.0,1.0,1.0,1.0,1.0,1.0,1.0,1.0,1.0,1.0,1.0,0.5,1.0,1.0,1.0,0.5,1.0
kartana,grass,steel,59,181,131,59,31,109,240,191.5,0.844059405940594,0.5083333333333333,1.0,0.25,1.0,0.5,0.5,2.0,1.0,0.5,2.0,0.5,1.0,0.5,4.0,1.0,0.5,1.0,0.25,2.0
kecleon,normal,,60,90,70,60,120,40,150,220.0,0.1006600660066006,0.2,1.0,1.0,1.0,1.0,1.0,1.0,1.0,1.0,1.0,1.0,1.0,1.0,0.5,1.0,1.0,1.0,0.5,1.0
kilowattrel,electric,flying,70,70,60,105,60,125,175,155.0,0.9455445544554456,-0.2,1.0,1.0,2.0,1.0,0.25,1.0,2.0,1.0,1.0,2.0,1.0,2.0,0.5,1.0,0.5,1.0,0.5,1.0
kingambit,dark,steel,100,135,120,60,85,50,195,255.0,0.1765676567656765,0.3846153846153846,1.0,0.5,0.5,1.0,0.5,2.0,0.5,1.0,1.0,1.0,2.0,0.5,2.0,2.0,1.0,0.5,0.5,1.0
kingdra,water,dragon,75,95,95,95,95,85,190,227.5,0.5486798679867987,0.0,1.0,2.0,0.5,0.5,1.0,1.0,1.0,1.0,2.0,1.0,1.0,1.0,2.0,1.0,1.0,1.0,1.0,1.0
kingler,water,,55,130,115,50,50,75,180,192.5,0.4298679867986799,0.4444444444444444,1.0,2.0,0.5,0.5,1.0,1.0,1.0,1.0,2.0,1.0,1.0,1.0,2.0,1.0,0.5,1.0,2.0,1.0
klawf,rock,,70,100,115,35,55,75,135,205.0,0.4298679867986799,0.4814814814814814,1.0,2.0,1.0,1.0,1.0,2.0,0.5,1.0,0.5,2.0,1.0,2.0,1.0,1.0,1.0,1.0,0.5,1.0
kleavor,bug,rock,70,135,95,45,70,85,180,200.0,0.5486798679867987,0.5,1.0,1.0,1.0,2.0,1.0,2.0,0.25,0.5,0.5,1.0,2.0,2.0,1.0,0.5,1.0,2.0,0.25,0.5
klefki,steel,fairy,57,80,91,80,87,75,160,206.5,0.4298679867986799,0.0,1.0,0.25,0.5,1.0,0.5,2.0,2.0,1.0,1.0,1.0,1.0,1.0,2.0,1.0,2.0,2.0,0.25,2.0
klinklang,steel,,60,100,115,70,85,90,170,230.0,0.6056105610561056,0.1764705882352941,1.0,0.5,0.5,1.0,0.5,2.0,1.0,1.0,1.0,1.0,1.0,1.0,2.0,1.0,1.0,1.0,0.5,2.0
komala,normal,,65,115,65,75,95,65,190,192.5,0.3085808580858086,0.2105263157894736,1.0,1.0,1.0,1.0,1.0,1.0,1.0,1.0,1.0,1.0,1.0,1.0,0.5,1.0,1.0,1.0,0.5,1.0
kommo-o,dragon,fighting,75,110,125,100,105,85,210,267.5,0.5486798679867987,0.0476190476190476,2.0,1.0,1.0,1.0,1.0,2.0,1.0,0.5,1.0,0.5,0.5,0.5,2.0,1.0,2.0,2.0,0.5,0.5
koraidon,fighting,dragon,100,135,115,85,100,135,220,265.0,0.9735973597359736,0.2272727272727272,2.0,1.0,1.0,1.0,1.0,2.0,1.0,0.5,1.0,0.5,0.5,0.5,2.0,1.0,2.0,2.0,0.5,0.5
kricketune,bug,,77,85,51,55,51,65,140,140.5,0.3085808580858086,0.2142857142857142,1.0,0.5,1.0,2.0,1.0,1.0,0.5,0.5,1.0,0.5,2.0,1.0,1.0,0.5,1.0,2.0,0.5,0.5
krookodile,ground,dark,95,117,80,65,70,92,182,197.5,0.6402640264026402,0.2857142857142857,1.0,2.0,1.0,0.5,2.0,1.0,0.5,2.0,1.0,1.0,2.0,0.5,2.0,2.0,1.0,0.5,2.0,0.5
kyogre,water,,100,100,90,150,140,90,250,280.0,0.6056105610561056,-0.2,1.0,2.0,0.5,0.5,1.0,1.0,1.0,1.0,2.0,1.0,1.0,1.0,2.0,1.0,0.5,1.0,2.0,1.0
kyurem,dragon,ice,125,130,90,130,90,95,260,242.5,0.6757425742574258,0.0,1.0,0.5,0.5,2.0,1.0,0.5,1.0,1.0,2.0,2.0,1.0,1.0,1.0,1.0,4.0,1.0,0.25,1.0
lanturn,water,electric,125,58,58,76,76,67,134,196.5,0.3366336633663366,-0.1343283582089552,1.0,2.0,1.0,0.25,0.5,1.0,1.0,1.0,2.0,2.0,1.0,1.0,2.0,1.0,0.25,1.0,2.0,1.0
lapras,water,ice,130,85,80,85,95,60,170,240.0,0.2599009900990099,0.0,1.0,1.0,0.25,1.0,1.0,0.5,1.0,1.0,4.0,2.0,1.0,1.0,2.0,1.0,1.0,1.0,1.0,1.0
latias,dragon,psychic,80,80,90,110,130,110,190,260.0,0.8597359735973598,-0.1578947368421052,1.0,1.0,1.0,1.0,1.0,1.0,2.0,2.0,1.0,1.0,0.5,1.0,1.0,1.0,2.0,1.0,0.25,1.0
latios,dragon,psychic,80,90,80,130,110,110,220,230.0,0.8597359735973598,-0.1818181818181818,1.0,1.0,1.0,1.0,1.0,1.0,2.0,2.0,1.0,1.0,0.5,1.0,1.0,1.0,2.0,1.0,0.25,1.0
leafeon,grass,,65,110,130,60,65,95,170,227.5,0.6757425742574258,0.2941176470588235,1.0,0.5,2.0,0.5,1.0,1.0,1.0,0.5,2.0,0.5,1.0,0.5,2.0,1.0,0.5,1.0,0.5,1.0
leavanny,bug,grass,75,103,80,70,80,92,173,197.5,0.6402640264026402,0.1907514450867052,1.0,0.25,2.0,1.0,1.0,1.0,0.5,0.25,2.0,0.25,2.0,0.5,2.0,0.5,0.5,2.0,0.25,0.5
ledian,bug,flying,55,35,50,55,110,85,90,187.5,0.5486798679867987,-0.2222222222222222,1.0,0.5,1.0,4.0,0.5,1.0,1.0,0.5,1.0,0.5,2.0,2.0,0.5,0.5,1.0,2.0,0.25,0.5
lickilicky,normal,,110,85,95,80,95,50,165,245.0,0.1765676567656765,0.0303030303030303,1.0,1.0,1.0,1.0,1.0,1.0,1.0,1.0,1.0,1.0,1.0,1.0,0.5,1.0,1.0,1.0,0.5,1.0
liepard,dark,,64,88,50,88,50,106,176,132.0,0.8217821782178217,0.0,1.0,1.0,1.0,1.0,1.0,1.0,0.5,1.0,1.0,1.0,2.0,0.5,1.0,2.0,1.0,0.5,1.0,0.5
lilligant,grass,,70,60,75,110,75,90,170,185.0,0.6056105610561056,-0.2941176470588235,1.0,0.5,2.0,0.5,1.0,1.0,1.0,0.5,2.0,0.5,1.0,0.5,2.0,1.0,0.5,1.0,0.5,1.0
lokix,bug,dark,71,102,78,52,55,92,154,168.5,0.6402640264026402,0.3246753246753247,1.0,0.5,1.0,2.0,1.0,1.0,0.25,0.5,1.0,0.5,4.0,0.5,1.0,1.0,1.0,1.0,0.5,0.25
lopunny,normal,,65,76,84,54,96,105,130,212.5,0.8094059405940595,0.1692307692307692,1.0,1.0,1.0,1.0,1.0,1.0,1.0,1.0,1.0,1.0,1.0,1.0,0.5,1.0,1.0,1.0,0.5,1.0
lucario,fighting,steel,70,110,70,115,70,90,225,175.0,0.6056105610561056,-0.0222222222222222,2.0,0.5,0.5,1.0,0.5,4.0,1.0,0.5,1.0,0.5,0.5,0.5,4.0,1.0,1.0,2.0,0.5,1.0
ludicolo,water,grass,80,70,70,90,100,70,160,210.0,0.3729372937293729,-0.125,1.0,1.0,1.0,0.25,1.0,1.0,1.0,0.5,4.0,0.5,1.0,0.5,4.0,1.0,0.25,1.0,1.0,1.0
lugia,psychic,flying,106,90,130,90,154,110,180,337.0,0.8597359735973598,0.0,1.0,1.0,1.0,2.0,0.5,1.0,4.0,2.0,1.0,1.0,0.5,2.0,0.5,1.0,1.0,1.0,0.25,1.0
lumineon,water,,69,69,76,69,86,91,138,196.5,0.6320132013201321,0.0,1.0,2.0,0.5,0.5,1.0,1.0,1.0,1.0,2.0,1.0,1.0,1.0,2.0,1.0,0.5,1.0,2.0,1.0
lunala,psychic,ghost,137,113,89,137,107,97,250,264.5,0.7095709570957096,-0.096,1.0,1.0,1.0,1.0,1.0,1.0,2.0,2.0,1.0,1.0,1.0,1.0,1.0,2.0,1.0,0.5,0.5,1.0
lunatone,rock,psychic,90,55,65,95,85,70,150,195.0,0.3729372937293729,-0.2666666666666666,1.0,2.0,1.0,1.0,1.0,2.0,1.0,2.0,0.5,2.0,0.5,2.0,1.0,1.0,1.0,1.0,0.25,1.0
lurantis,grass,,70,105,90,80,90,45,185,215.0,0.1353135313531353,0.1351351351351351,1.0,0.5,2.0,0.5,1.0,1.0,1.0,0.5,2.0,0.5,1.0,0.5,2.0,1.0,0.5,1.0,0.5,1.0
luvdisc,water,,43,30,55,40,65,97,70,141.5,0.7095709570957096,-0.1428571428571428,1.0,2.0,0.5,0.5,1.0,1.0,1.0,1.0,2.0,1.0,1.0,1.0,2.0,1.0,0.5,1.0,2.0,1.0
luxray,electric,,80,120,79,95,79,70,215,198.0,0.3729372937293729,0.1162790697674418,1.0,1.0,2.0,0.5,0.5,1.0,1.0,1.0,1.0,2.0,1.0,1.0,1.0,1.0,0.5,1.0,1.0,1.0
mabosstiff,dark,,80,120,90,60,70,85,180,200.0,0.5486798679867987,0.3333333333333333,1.0,1.0,1.0,1.0,1.0,1.0,0.5,1.0,1.0,1.0,2.0,0.5,1.0,2.0,1.0,0.5,1.0,0.5
machamp,fighting,,90,130,80,65,85,55,195,210.0,0.2153465346534653,0.3333333333333333,2.0,1.0,1.0,1.0,1.0,2.0,1.0,0.5,1.0,0.5,0.5,0.5,2.0,1.0,1.0,2.0,1.0,0.5
magcargo,fire,rock,60,50,120,90,80,30,140,230.0,0.0404290429042904,-0.2857142857142857,1.0,1.0,0.5,2.0,1.0,4.0,0.5,1.0,0.5,2.0,1.0,4.0,0.5,1.0,0.5,1.0,1.0,1.0
magearna,steel,fairy,80,95,115,130,115,65,225,270.0,0.3085808580858086,-0.1555555555555555,1.0,0.25,0.5,1.0,0.5,2.0,2.0,1.0,1.0,1.0,1.0,1.0,2.0,1.0,2.0,2.0,0.25,2.0
magmortar,fire,,75,95,67,125,95,83,220,199.5,0.5206270627062707,-0.1363636363636363,1.0,0.5,0.5,2.0,1.0,2.0,1.0,1.0,1.0,1.0,1.0,2.0,0.5,1.0,0.5,1.0,2.0,1.0
magnezone,electric,steel,70,70,115,130,90,60,200,240.0,0.2599009900990099,-0.3,1.0,0.5,1.0,0.5,0.25,2.0,1.0,1.0,1.0,2.0,1.0,1.0,2.0,1.0,0.5,1.0,0.5,2.0
malamar,dark,psychic,86,92,88,68,75,73,160,206.0,0.41006600660066,0.15,1.0,1.0,1.0,1.0,1.0,1.0,1.0,2.0,1.0,1.0,1.0,0.5,1.0,2.0,1.0,0.5,0.5,0.5
mamoswine,ice,ground,110,130,80,70,60,80,200,195.0,0.4867986798679868,0.3,1.0,1.0,0.5,1.0,2.0,0.5,1.0,2.0,2.0,2.0,1.0,1.0,2.0,1.0,2.0,1.0,1.0,1.0
manaphy,water,,100,100,100,100,100,100,200,250.0,0.7533003300330033,0.0,1.0,2.0,0.5,0.5,1.0,1.0,1.0,1.0,2.0,1.0,1.0,1.0,2.0,1.0,0.5,1.0,2.0,1.0
mandibuzz,dark,flying,110,65,105,55,95,80,120,255.0,0.4867986798679868,0.0833333333333333,1.0,1.0,1.0,2.0,0.5,1.0,1.0,1.0,1.0,1.0,2.0,1.0,0.5,2.0,1.0,0.5,0.5,0.5
manectric,electric,,70,75,60,105,60,105,180,155.0,0.8094059405940595,-0.1666666666666666,1.0,1.0,2.0,0.5,0.5,1.0,1.0,1.0,1.0,2.0,1.0,1.0,1.0,1.0,0.5,1.0,1.0,1.0
mantine,water,flying,85,40,70,80,140,70,120,252.5,0.3729372937293729,-0.3333333333333333,1.0,2.0,0.5,1.0,0.5,1.0,2.0,1.0,2.0,1.0,1.0,2.0,1.0,1.0,0.5,1.0,1.0,1.0
maractus,grass,,75,86,67,106,67,60,192,171.5,0.2599009900990099,-0.1041666666666666,1.0,0.5,2.0,0.5,1.0,1.0,1.0,0.5,2.0,0.5,1.0,0.5,2.0,1.0,0.5,1.0,0.5,1.0
marowak,ground,,60,80,110,50,80,45,130,220.0,0.1353135313531353,0.2307692307692307,1.0,2.0,1.0,0.5,2.0,1.0,1.0,2.0,1.0,1.0,1.0,1.0,2.0,1.0,1.0,1.0,2.0,1.0
marshadow,fighting,ghost,90,125,80,90,90,125,215,215.0,0.9455445544554456,0.1627906976744186,2.0,1.0,1.0,1.0,1.0,2.0,1.0,0.5,1.0,0.5,1.0,0.5,2.0,2.0,1.0,1.0,1.0,0.5
masquerain,bug,flying,70,60,62,100,82,80,160,179.0,0.4867986798679868,-0.25,1.0,0.5,1.0,4.0,0.5,1.0,1.0,0.5,1.0,0.5,2.0,2.0,0.5,0.5,1.0,2.0,0.25,0.5
mawile,steel,fairy,50,85,85,55,55,50,140,165.0,0.1765676567656765,0.2142857142857142,1.0,0.25,0.5,1.0,0.5,2.0,2.0,1.0,1.0,1.0,1.0,1.0,2.0,1.0,2.0,2.0,0.25,2.0
medicham,fighting,psychic,60,60,75,60,75,80,120,180.0,0.4867986798679868,0.0,2.0,1.0,1.0,1.0,1.0,2.0,2.0,1.0,1.0,0.5,0.25,0.5,2.0,1.0,1.0,2.0,0.5,0.5
meganium,grass,,80,82,100,83,100,80,165,240.0,0.4867986798679868,-0.006060606060606,1.0,0.5,2.0,0.5,1.0,1.0,1.0,0.5,2.0,0.5,1.0,0.5,2.0,1.0,0.5,1.0,0.5,1.0
melmetal,steel,,135,143,143,80,65,34,223,275.5,0.0651815181518151,0.2825112107623318,1.0,0.5,0.5,1.0,0.5,2.0,1.0,1.0,1.0,1.0,1.0,1.0,2.0,1.0,1.0,1.0,0.5,2.0
meltan,steel,,46,65,65,55,35,34,120,123.0,0.0651815181518151,0.0833333333333333,1.0,0.5,0.5,1.0,0.5,2.0,1.0,1.0,1.0,1.0,1.0,1.0,2.0,1.0,1.0,1.0,0.5,2.0
meowscarada,grass,dark,76,110,70,81,70,123,191,178.0,0.9348184818481848,0.1518324607329843,1.0,0.5,2.0,0.5,1.0,1.0,0.5,0.5,2.0,0.5,2.0,0.25,2.0,2.0,0.5,0.5,0.5,0.5
mesprit,psychic,,80,105,105,105,105,80,210,250.0,0.4867986798679868,0.0,1.0,1.0,1.0,1.0,1.0,1.0,2.0,2.0,1.0,1.0,0.5,1.0,1.0,1.0,1.0,1.0,0.5,1.0
metagross,steel,psychic,80,135,130,95,90,70,230,260.0,0.3729372937293729,0.1739130434782608,1.0,0.5,0.5,1.0,0.5,2.0,2.0,2.0,1.0,1.0,0.5,1.0,2.0,1.0,1.0,1.0,0.25,2.0
mew,psychic,,100,100,100,100,100,100,200,250.0,0.7533003300330033,0.0,1.0,1.0,1.0,1.0,1.0,1.0,2.0,2.0,1.0,1.0,0.5,1.0,1.0,1.0,1.0,1.0,0.5,1.0
mewtwo,psychic,,106,110,90,154,90,130,264,233.0,0.9628712871287128,-0.1666666666666666,1.0,1.0,1.0,1.0,1.0,1.0,2.0,2.0,1.0,1.0,0.5,1.0,1.0,1.0,1.0,1.0,0.5,1.0
mienshao,fighting,,65,125,60,95,60,105,220,152.5,0.8094059405940595,0.1363636363636363,2.0,1.0,1.0,1.0,1.0,2.0,1.0,0.5,1.0,0.5,0.5,0.5,2.0,1.0,1.0,2.0,1.0,0.5
mightyena,dark,,70,90,70,60,60,70,150,165.0,0.3729372937293729,0.2,1.0,1.0,1.0,1.0,1.0,1.0,0.5,1.0,1.0,1.0,2.0,0.5,1.0,2.0,1.0,0.5,1.0,0.5
milotic,water,,95,60,79,100,125,81,160,251.5,0.5115511551155115,-0.25,1.0,2.0,0.5,0.5,1.0,1.0,1.0,1.0,2.0,1.0,1.0,1.0,2.0,1.0,0.5,1.0,2.0,1.0
miltank,normal,,95,80,105,40,70,100,120,222.5,0.7533003300330033,0.3333333333333333,1.0,1.0,1.0,1.0,1.0,1.0,1.0,1.0,1.0,1.0,1.0,1.0,0.5,1.0,1.0,1.0,0.5,1.0
minun,electric,,60,40,50,75,85,95,115,165.0,0.6757425742574258,-0.3043478260869565,1.0,1.0,2.0,0.5,0.5,1.0,1.0,1.0,1.0,2.0,1.0,1.0,1.0,1.0,0.5,1.0,1.0,1.0
miraidon,electric,dragon,100,85,100,135,115,135,220,265.0,0.9735973597359736,-0.2272727272727272,1.0,1.0,2.0,0.5,0.5,1.0,1.0,1.0,1.0,2.0,1.0,1.0,1.0,1.0,1.0,1.0,0.5,1.0
mismagius,ghost,,60,60,60,105,105,105,165,195.0,0.8094059405940595,-0.2727272727272727,1.0,1.0,1.0,1.0,1.0,1.0,1.0,1.0,1.0,1.0,2.0,1.0,1.0,2.0,1.0,0.5,1.0,1.0
moltres,fire,flying,90,100,90,125,85,90,225,220.0,0.6056105610561056,-0.1111111111111111,1.0,0.5,0.5,4.0,0.5,2.0,2.0,1.0,1.0,1.0,1.0,4.0,0.25,1.0,0.5,1.0,1.0,1.0
mothim,bug,flying,70,94,50,94,50,66,188,135.0,0.3325082508250825,0.0,1.0,0.5,1.0,4.0,0.5,1.0,1.0,0.5,1.0,0.5,2.0,2.0,0.5,0.5,1.0,2.0,0.25,0.5
mr-rime,ice,psychic,80,85,75,110,100,70,195,215.0,0.3729372937293729,-0.1282051282051282,1.0,0.5,0.5,2.0,1.0,0.5,2.0,2.0,2.0,2.0,0.5,1.0,1.0,1.0,2.0,1.0,0.25,1.0
mudsdale,ground,,100,125,100,55,85,35,180,235.0,0.0734323432343234,0.3888888888888889,1.0,2.0,1.0,0.5,2.0,1.0,1.0,2.0,1.0,1.0,1.0,1.0,2.0,1.0,1.0,1.0,2.0,1.0
muk,poison,,105,105,75,65,100,50,170,227.5,0.1765676567656765,0.2352941176470588,1.0,1.0,1.0,2.0,1.0,1.0,1.0,0.5,0.5,1.0,1.0,1.0,0.5,0.5,1.0,1.0,1.0,2.0
munkidori,poison,psychic,88,75,66,130,90,106,205,200.0,0.8217821782178217,-0.2682926829268293,1.0,1.0,1.0,2.0,1.0,1.0,2.0,1.0,0.5,1.0,0.5,1.0,0.5,0.5,1.0,1.0,0.5,2.0
musharna,psychic,,116,55,85,107,95,29,162,238.0,0.0214521452145214,-0.3209876543209876,1.0,1.0,1.0,1.0,1.0,1.0,2.0,2.0,1.0,1.0,0.5,1.0,1.0,1.0,1.0,1.0,0.5,1.0
naganadel,poison,dragon,73,73,73,127,73,121,200,182.5,0.9282178217821784,-0.27,1.0,1.0,1.0,2.0,1.0,1.0,1.0,0.5,0.5,1.0,1.0,1.0,0.5,0.5,2.0,1.0,0.5,2.0
necrozma,psychic,,97,107,101,127,89,79,234,238.5,0.462046204620462,-0.0854700854700854,1.0,1.0,1.0,1.0,1.0,1.0,2.0,2.0,1.0,1.0,0.5,1.0,1.0,1.0,1.0,1.0,0.5,1.0
nidoking,poison,ground,81,102,77,85,75,85,187,192.5,0.5486798679867987,0.0909090909090909,1.0,2.0,1.0,1.0,2.0,1.0,1.0,1.0,0.5,1.0,1.0,1.0,1.0,0.5,1.0,1.0,2.0,2.0
nidoqueen,poison,ground,90,92,87,75,85,76,167,217.0,0.4463696369636963,0.1017964071856287,1.0,2.0,1.0,1.0,2.0,1.0,1.0,1.0,0.5,1.0,1.0,1.0,1.0,0.5,1.0,1.0,2.0,2.0
nihilego,rock,poison,109,53,47,127,131,103,180,232.5,0.7929042904290429,-0.4111111111111111,1.0,2.0,1.0,2.0,1.0,2.0,0.5,0.5,0.25,2.0,1.0,2.0,0.5,0.5,1.0,1.0,0.5,2.0
ninetales,fire,,73,76,75,81,100,100,157,211.5,0.7533003300330033,-0.0318471337579617,1.0,0.5,0.5,2.0,1.0,2.0,1.0,1.0,1.0,1.0,1.0,2.0,0.5,1.0,0.5,1.0,2.0,1.0
ninjask,bug,flying,61,90,45,50,50,160,140,125.5,0.9966996699669968,0.2857142857142857,1.0,0.5,1.0,4.0,0.5,1.0,1.0,0.5,1.0,0.5,2.0,2.0,0.5,0.5,1.0,2.0,0.25,0.5
noctowl,normal,flying,100,50,50,86,96,70,136,196.0,0.3729372937293729,-0.2647058823529412,1.0,1.0,1.0,2.0,0.5,1.0,2.0,1.0,1.0,1.0,1.0,2.0,0.25,1.0,1.0,1.0,0.25,1.0
noivern,flying,dragon,85,70,80,97,80,123,167,202.5,0.9348184818481848,-0.1616766467065868,1.0,1.0,1.0,2.0,0.5,1.0,2.0,1.0,1.0,1.0,1.0,2.0,0.5,1.0,2.0,1.0,0.25,1.0
obstagoon,dark,normal,93,90,101,60,81,95,150,228.5,0.6757425742574258,0.2,1.0,1.0,1.0,1.0,1.0,1.0,0.5,1.0,1.0,1.0,2.0,0.5,0.5,2.0,1.0,0.5,0.5,0.5
octillery,water,,75,105,75,105,75,45,210,187.5,0.1353135313531353,0.0,1.0,2.0,0.5,0.5,1.0,1.0,1.0,1.0,2.0,1.0,1.0,1.0,2.0,1.0,0.5,1.0,2.0,1.0
ogerpon,grass,,80,120,84,60,96,110,180,220.0,0.8597359735973598,0.3333333333333333,1.0,0.5,2.0,0.5,1.0,1.0,1.0,0.5,2.0,0.5,1.0,0.5,2.0,1.0,0.5,1.0,0.5,1.0
okidogi,poison,fighting,88,128,115,58,86,80,186,245.0,0.4867986798679868,0.3763440860215054,2.0,1.0,1.0,2.0,1.0,2.0,1.0,0.25,0.5,0.5,0.5,0.5,1.0,0.5,1.0,2.0,1.0,1.0
omastar,rock,water,70,60,125,115,70,55,175,230.0,0.2153465346534653,-0.3142857142857143,1.0,4.0,0.5,0.5,1.0,2.0,0.5,1.0,1.0,2.0,1.0,2.0,2.0,1.0,0.5,1.0,1.0,1.0
oranguru,normal,psychic,90,60,80,90,110,60,150,235.0,0.2599009900990099,-0.2,1.0,1.0,1.0,1.0,1.0,1.0,2.0,2.0,1.0,1.0,0.5,1.0,0.5,1.0,1.0,1.0,0.25,1.0
orbeetle,bug,psychic,60,45,110,80,120,90,125,260.0,0.6056105610561056,-0.28,1.0,0.5,1.0,2.0,1.0,1.0,1.0,1.0,1.0,0.5,1.0,1.0,1.0,0.5,1.0,2.0,0.25,0.5
orthworm,steel,,70,85,145,60,55,65,145,235.0,0.3085808580858086,0.1724137931034483,1.0,0.5,0.5,1.0,0.5,2.0,1.0,1.0,1.0,1.0,1.0,1.0,2.0,1.0,1.0,1.0,0.5,2.0
overqwil,dark,poison,85,115,95,65,65,85,180,202.5,0.5486798679867987,0.2777777777777778,1.0,1.0,1.0,2.0,1.0,1.0,0.5,0.5,0.5,1.0,2.0,0.5,0.5,1.0,1.0,0.5,1.0,1.0
pachirisu,electric,,60,45,70,45,90,95,90,190.0,0.6757425742574258,0.0,1.0,1.0,2.0,0.5,0.5,1.0,1.0,1.0,1.0,2.0,1.0,1.0,1.0,1.0,0.5,1.0,1.0,1.0
palkia,water,dragon,90,120,100,150,120,100,270,265.0,0.7533003300330033,-0.1111111111111111,1.0,2.0,0.5,0.5,1.0,1.0,1.0,1.0,2.0,1.0,1.0,1.0,2.0,1.0,1.0,1.0,1.0,1.0
palossand,ghost,ground,85,75,110,100,75,35,175,227.5,0.0734323432343234,-0.1428571428571428,1.0,2.0,1.0,0.5,2.0,1.0,1.0,2.0,1.0,1.0,2.0,1.0,2.0,2.0,1.0,0.5,2.0,1.0
pangoro,fighting,dark,95,124,78,69,71,58,193,196.5,0.2351485148514851,0.2849740932642487,2.0,1.0,1.0,1.0,1.0,2.0,0.5,0.5,1.0,0.5,1.0,0.25,2.0,2.0,1.0,1.0,1.0,0.25
parasect,bug,grass,60,95,80,60,80,30,155,190.0,0.0404290429042904,0.2258064516129032,1.0,0.25,2.0,1.0,1.0,1.0,0.5,0.25,2.0,0.25,2.0,0.5,2.0,0.5,0.5,2.0,0.25,0.5
passimian,fighting,,100,120,90,40,60,80,160,200.0,0.4867986798679868,0.5,2.0,1.0,1.0,1.0,1.0,2.0,1.0,0.5,1.0,0.5,0.5,0.5,2.0,1.0,1.0,2.0,1.0,0.5
pawmot,electric,fighting,70,115,70,70,60,105,185,165.0,0.8094059405940595,0.2432432432432432,2.0,1.0,2.0,0.5,0.5,2.0,1.0,0.5,1.0,1.0,0.5,0.5,2.0,1.0,0.5,2.0,1.0,0.5
pecharunt,poison,ghost,88,88,160,88,88,88,176,292.0,0.5792079207920792,0.0,1.0,1.0,1.0,2.0,1.0,1.0,1.0,0.5,0.5,1.0,2.0,1.0,0.5,1.0,1.0,0.5,1.0,2.0
pelipper,water,flying,60,50,100,95,70,65,145,200.0,0.3085808580858086,-0.3103448275862069,1.0,2.0,0.5,1.0,0.5,1.0,2.0,1.0,2.0,1.0,1.0,2.0,1.0,1.0,0.5,1.0,1.0,1.0
perrserker,steel,,70,110,100,50,60,50,160,195.0,0.1765676567656765,0.375,1.0,0.5,0.5,1.0,0.5,2.0,1.0,1.0,1.0,1.0,1.0,1.0,2.0,1.0,1.0,1.0,0.5,2.0
persian,normal,,65,70,60,65,65,115,135,157.5,0.8943894389438944,0.037037037037037,1.0,1.0,1.0,1.0,1.0,1.0,1.0,1.0,1.0,1.0,1.0,1.0,0.5,1.0,1.0,1.0,0.5,1.0
pheromosa,bug,fighting,71,137,37,137,37,151,274,109.5,0.995049504950495,0.0,2.0,0.5,1.0,2.0,1.0,2.0,0.5,0.25,1.0,0.25,1.0,0.5,2.0,0.5,1.0,4.0,0.5,0.25
pidgeot,normal,flying,83,80,75,70,70,101,150,186.5,0.7813531353135313,0.0666666666666666,1.0,1.0,1.0,2.0,0.5,1.0,2.0,1.0,1.0,1.0,1.0,2.0,0.25,1.0,1.0,1.0,0.25,1.0
pincurchin,electric,,48,101,95,91,85,15,192,204.0,0.0066006600660066,0.0520833333333333,1.0,1.0,2.0,0.5,0.5,1.0,1.0,1.0,1.0,2.0,1.0,1.0,1.0,1.0,0.5,1.0,1.0,1.0
pinsir,bug,,65,125,100,55,70,85,180,202.5,0.5486798679867987,0.3888888888888889,1.0,0.5,1.0,2.0,1.0,1.0,0.5,0.5,1.0,0.5,2.0,1.0,1.0,0.5,1.0,2.0,0.5,0.5
plusle,electric,,60,50,40,85,75,95,135,145.0,0.6757425742574258,-0.2592592592592592,1.0,1.0,2.0,0.5,0.5,1.0,1.0,1.0,1.0,2.0,1.0,1.0,1.0,1.0,0.5,1.0,1.0,1.0
politoed,water,,90,75,75,90,100,70,165,220.0,0.3729372937293729,-0.0909090909090909,1.0,2.0,0.5,0.5,1.0,1.0,1.0,1.0,2.0,1.0,1.0,1.0,2.0,1.0,0.5,1.0,2.0,1.0
poliwrath,water,fighting,90,95,95,70,90,70,165,230.0,0.3729372937293729,0.1515151515151515,2.0,2.0,0.5,0.5,1.0,2.0,1.0,0.5,2.0,0.5,0.5,0.5,4.0,1.0,0.5,2.0,2.0,0.5
polteageist,ghost,,60,65,65,134,114,70,199,209.0,0.3729372937293729,-0.3467336683417085,1.0,1.0,1.0,1.0,1.0,1.0,1.0,1.0,1.0,1.0,2.0,1.0,1.0,2.0,1.0,0.5,1.0,1.0
porygon-z,normal,,85,80,70,135,75,90,215,187.5,0.6056105610561056,-0.2558139534883721,1.0,1.0,1.0,1.0,1.0,1.0,1.0,1.0,1.0,1.0,1.0,1.0,0.5,1.0,1.0,1.0,0.5,1.0
primarina,water,fairy,80,74,74,126,116,60,200,230.0,0.2599009900990099,-0.26,1.0,1.0,0.5,0.5,1.0,1.0,2.0,1.0,2.0,1.0,1.0,1.0,2.0,1.0,1.0,2.0,1.0,1.0
probopass,rock,steel,60,55,145,75,150,40,130,325.0,0.1006600660066006,-0.1538461538461538,1.0,1.0,0.5,1.0,0.5,4.0,0.5,1.0,0.5,2.0,1.0,2.0,2.0,1.0,1.0,1.0,0.25,2.0
purugly,normal,,71,82,64,64,59,112,146,158.5,0.8811881188118812,0.1232876712328767,1.0,1.0,1.0,1.0,1.0,1.0,1.0,1.0,1.0,1.0,1.0,1.0,0.5,1.0,1.0,1.0,0.5,1.0
pyukumuku,water,,55,60,130,30,130,5,90,287.5,0.0024752475247524,0.3333333333333333,1.0,2.0,0.5,0.5,1.0,1.0,1.0,1.0,2.0,1.0,1.0,1.0,2.0,1.0,0.5,1.0,2.0,1.0
quagsire,water,ground,95,85,85,65,65,35,150,197.5,0.0734323432343234,0.1333333333333333,1.0,4.0,0.5,0.25,2.0,1.0,1.0,2.0,2.0,1.0,1.0,1.0,4.0,1.0,0.5,1.0,4.0,1.0
quaquaval,water,fighting,85,120,80,85,75,85,205,197.5,0.5486798679867987,0.1707317073170731,2.0,2.0,0.5,0.5,1.0,2.0,1.0,0.5,2.0,0.5,0.5,0.5,4.0,1.0,0.5,2.0,2.0,0.5
rabsca,bug,psychic,75,50,85,115,100,45,165,222.5,0.1353135313531353,-0.3939393939393939,1.0,0.5,1.0,2.0,1.0,1.0,1.0,1.0,1.0,0.5,1.0,1.0,1.0,0.5,1.0,2.0,0.25,0.5
raging-bolt,electric,dragon,125,73,91,137,89,75,210,242.5,0.4298679867986799,-0.3047619047619048,1.0,1.0,2.0,0.5,0.5,1.0,1.0,1.0,1.0,2.0,1.0,1.0,1.0,1.0,1.0,1.0,0.5,1.0
raichu,electric,,60,90,55,90,80,110,180,165.0,0.8597359735973598,0.0,1.0,1.0,2.0,0.5,0.5,1.0,1.0,1.0,1.0,2.0,1.0,1.0,1.0,1.0,0.5,1.0,1.0,1.0
raikou,electric,,90,85,75,115,100,115,200,220.0,0.8943894389438944,-0.15,1.0,1.0,2.0,0.5,0.5,1.0,1.0,1.0,1.0,2.0,1.0,1.0,1.0,1.0,0.5,1.0,1.0,1.0
rampardos,rock,,97,165,60,65,50,58,230,158.5,0.2351485148514851,0.4347826086956521,1.0,2.0,1.0,1.0,1.0,2.0,0.5,1.0,0.5,2.0,1.0,2.0,1.0,1.0,1.0,1.0,0.5,1.0
rapidash,fire,,65,100,70,80,80,105,180,182.5,0.8094059405940595,0.1111111111111111,1.0,0.5,0.5,2.0,1.0,2.0,1.0,1.0,1.0,1.0,1.0,2.0,0.5,1.0,0.5,1.0,2.0,1.0
raticate,normal,,55,81,60,50,70,97,131,157.5,0.7095709570957096,0.2366412213740458,1.0,1.0,1.0,1.0,1.0,1.0,1.0,1.0,1.0,1.0,1.0,1.0,0.5,1.0,1.0,1.0,0.5,1.0
rayquaza,dragon,flying,105,150,90,150,90,95,300,232.5,0.6757425742574258,0.0,1.0,1.0,1.0,2.0,0.5,1.0,2.0,1.0,1.0,1.0,1.0,2.0,0.5,1.0,2.0,1.0,0.25,1.0
regice,ice,,80,50,100,100,200,50,150,340.0,0.1765676567656765,-0.3333333333333333,1.0,0.5,0.5,2.0,1.0,0.5,1.0,1.0,2.0,2.0,1.0,1.0,1.0,1.0,2.0,1.0,0.5,1.0
regidrago,dragon,,200,100,50,100,50,80,200,200.0,0.4867986798679868,0.0,1.0,1.0,1.0,1.0,1.0,1.0,1.0,1.0,1.0,1.0,1.0,1.0,1.0,1.0,2.0,1.0,0.5,1.0
regieleki,electric,,80,100,50,100,50,200,200,140.0,1.0,0.0,1.0,1.0,2.0,0.5,0.5,1.0,1.0,1.0,1.0,2.0,1.0,1.0,1.0,1.0,0.5,1.0,1.0,1.0
regigigas,normal,,110,160,110,80,110,100,240,275.0,0.7533003300330033,0.3333333333333333,1.0,1.0,1.0,1.0,1.0,1.0,1.0,1.0,1.0,1.0,1.0,1.0,0.5,1.0,1.0,1.0,0.5,1.0
regirock,rock,,80,100,200,50,100,50,150,340.0,0.1765676567656765,0.3333333333333333,1.0,2.0,1.0,1.0,1.0,2.0,0.5,1.0,0.5,2.0,1.0,2.0,1.0,1.0,1.0,1.0,0.5,1.0
registeel,steel,,80,75,150,75,150,50,150,340.0,0.1765676567656765,0.0,1.0,0.5,0.5,1.0,0.5,2.0,1.0,1.0,1.0,1.0,1.0,1.0,2.0,1.0,1.0,1.0,0.5,2.0
relicanth,water,rock,100,90,130,45,65,55,135,245.0,0.2153465346534653,0.3333333333333333,1.0,4.0,0.5,0.5,1.0,2.0,0.5,1.0,1.0,2.0,1.0,2.0,2.0,1.0,0.5,1.0,1.0,1.0
reshiram,dragon,fire,100,120,100,150,120,90,270,270.0,0.6056105610561056,-0.1111111111111111,1.0,0.5,0.5,2.0,1.0,2.0,1.0,1.0,1.0,1.0,1.0,2.0,0.5,1.0,1.0,1.0,1.0,1.0
reuniclus,psychic,,110,65,75,125,85,30,190,215.0,0.0404290429042904,-0.3157894736842105,1.0,1.0,1.0,1.0,1.0,1.0,2.0,2.0,1.0,1.0,0.5,1.0,1.0,1.0,1.0,1.0,0.5,1.0
revavroom,steel,poison,80,119,90,54,67,90,173,197.0,0.6056105610561056,0.3757225433526011,1.0,0.5,0.5,2.0,0.5,2.0,1.0,0.5,0.5,1.0,1.0,1.0,1.0,0.5,1.0,1.0,0.5,4.0
rhyperior,ground,rock,115,140,130,55,55,40,195,242.5,0.1006600660066006,0.4358974358974359,1.0,4.0,1.0,0.5,2.0,2.0,0.5,2.0,0.5,2.0,1.0,2.0,2.0,1.0,1.0,1.0,1.0,1.0
ribombee,bug,fairy,60,55,60,95,70,124,150,160.0,0.9389438943894388,-0.2666666666666666,1.0,0.25,1.0,2.0,1.0,1.0,1.0,0.5,1.0,0.5,2.0,1.0,1.0,0.5,2.0,4.0,0.25,0.5
rillaboom,grass,,100,125,90,60,70,85,185,210.0,0.5486798679867987,0.3513513513513513,1.0,0.5,2.0,0.5,1.0,1.0,1.0,0.5,2.0,0.5,1.0,0.5,2.0,1.0,0.5,1.0,0.5,1.0
roaring-moon,dragon,dark,105,139,71,55,101,119,194,224.5,0.9117161716171616,0.4329896907216495,1.0,1.0,1.0,1.0,1.0,1.0,0.5,1.0,1.0,1.0,2.0,0.5,1.0,2.0,2.0,0.5,0.5,0.5
roserade,grass,poison,60,70,65,125,105,90,195,200.0,0.6056105610561056,-0.282051282051282,1.0,0.5,2.0,1.0,1.0,1.0,1.0,0.25,1.0,0.5,1.0,0.5,1.0,0.5,0.5,1.0,0.5,2.0
rotom,electric,ghost,50,50,77,95,77,91,145,179.0,0.6320132013201321,-0.3103448275862069,1.0,1.0,2.0,0.5,0.5,1.0,1.0,1.0,1.0,2.0,2.0,1.0,1.0,2.0,0.5,0.5,1.0,1.0
runerigus,ground,ghost,58,95,145,50,105,30,145,279.0,0.0404290429042904,0.3103448275862069,1.0,2.0,1.0,0.5,2.0,1.0,1.0,2.0,1.0,1.0,2.0,1.0,2.0,2.0,1.0,0.5,2.0,1.0
sableye,dark,ghost,50,75,75,65,65,50,140,165.0,0.1765676567656765,0.0714285714285714,1.0,1.0,1.0,1.0,1.0,1.0,0.5,1.0,1.0,1.0,4.0,0.5,1.0,4.0,1.0,0.25,1.0,0.5
salamence,dragon,flying,95,135,80,110,80,100,245,207.5,0.7533003300330033,0.1020408163265306,1.0,1.0,1.0,2.0,0.5,1.0,2.0,1.0,1.0,1.0,1.0,2.0,0.5,1.0,2.0,1.0,0.25,1.0
salazzle,poison,fire,68,64,60,111,60,117,175,154.0,0.9075907590759076,-0.2685714285714285,1.0,0.5,0.5,4.0,1.0,2.0,1.0,0.5,0.5,1.0,1.0,2.0,0.25,0.5,0.5,1.0,2.0,2.0
samurott,water,,95,100,85,108,70,70,208,202.5,0.3729372937293729,-0.0384615384615384,1.0,2.0,0.5,0.5,1.0,1.0,1.0,1.0,2.0,1.0,1.0,1.0,2.0,1.0,0.5,1.0,2.0,1.0
sandaconda,ground,,72,107,125,65,70,71,172,231.0,0.4001650165016501,0.2441860465116279,1.0,2.0,1.0,0.5,2.0,1.0,1.0,2.0,1.0,1.0,1.0,1.0,2.0,1.0,1.0,1.0,2.0,1.0
sandslash,ground,,75,100,110,45,55,65,145,202.5,0.3085808580858086,0.3793103448275862,1.0,2.0,1.0,0.5,2.0,1.0,1.0,2.0,1.0,1.0,1.0,1.0,2.0,1.0,1.0,1.0,2.0,1.0
sandy-shocks,electric,ground,85,81,97,121,85,101,202,224.5,0.7813531353135313,-0.198019801980198,1.0,2.0,2.0,0.25,1.0,1.0,1.0,2.0,1.0,2.0,1.0,1.0,2.0,1.0,0.5,1.0,2.0,1.0
sawk,fighting,,75,125,75,30,75,85,155,187.5,0.5486798679867987,0.6129032258064516,2.0,1.0,1.0,1.0,1.0,2.0,1.0,0.5,1.0,0.5,0.5,0.5,2.0,1.0,1.0,2.0,1.0,0.5
sawsbuck,normal,grass,80,100,70,60,70,95,160,180.0,0.6757425742574258,0.25,1.0,0.5,2.0,0.5,1.0,1.0,1.0,0.5,2.0,0.5,1.0,0.5,1.0,1.0,0.5,1.0,0.25,1.0
sceptile,grass,,70,85,65,105,85,120,190,185.0,0.9191419141914192,-0.1052631578947368,1.0,0.5,2.0,0.5,1.0,1.0,1.0,0.5,2.0,0.5,1.0,0.5,2.0,1.0,0.5,1.0,0.5,1.0
scizor,bug,steel,70,130,100,55,80,65,185,215.0,0.3085808580858086,0.4054054054054054,1.0,0.25,0.5,2.0,0.5,2.0,0.5,0.5,1.0,0.5,2.0,1.0,2.0,0.5,1.0,2.0,0.25,1.0
scolipede,bug,poison,60,100,89,55,69,112,155,188.0,0.8811881188118812,0.2903225806451613,1.0,0.5,1.0,4.0,1.0,1.0,0.5,0.25,0.5,0.5,2.0,1.0,0.5,0.25,1.0,2.0,0.5,1.0
scovillain,grass,fire,65,108,65,108,65,75,216,162.5,0.4298679867986799,0.0,1.0,0.25,1.0,1.0,1.0,2.0,1.0,0.5,2.0,0.5,1.0,1.0,1.0,1.0,0.25,1.0,1.0,1.0
scrafty,dark,fighting,65,90,115,45,115,58,135,262.5,0.2351485148514851,0.3333333333333333,2.0,1.0,1.0,1.0,1.0,2.0,0.5,0.5,1.0,0.5,1.0,0.25,2.0,2.0,1.0,1.0,1.0,0.25
scream-tail,fairy,psychic,115,65,99,65,115,111,130,271.5,0.8754125412541254,0.0,1.0,0.5,1.0,1.0,1.0,1.0,4.0,2.0,1.0,1.0,0.5,1.0,1.0,1.0,2.0,2.0,0.25,1.0
seaking,water,,80,92,65,65,80,68,157,185.0,0.3432343234323432,0.1719745222929936,1.0,2.0,0.5,0.5,1.0,1.0,1.0,1.0,2.0,1.0,1.0,1.0,2.0,1.0,0.5,1.0,2.0,1.0
seismitoad,water,ground,105,95,75,85,75,74,180,202.5,0.4133663366336633,0.0555555555555555,1.0,4.0,0.5,0.25,2.0,1.0,1.0,2.0,2.0,1.0,1.0,1.0,4.0,1.0,0.5,1.0,4.0,1.0
serperior,grass,,75,75,95,75,95,113,150,227.5,0.8844884488448845,0.0,1.0,0.5,2.0,0.5,1.0,1.0,1.0,0.5,2.0,0.5,1.0,0.5,2.0,1.0,0.5,1.0,0.5,1.0
seviper,poison,,73,100,60,100,60,65,200,156.5,0.3085808580858086,0.0,1.0,1.0,1.0,2.0,1.0,1.0,1.0,0.5,0.5,1.0,1.0,1.0,0.5,0.5,1.0,1.0,1.0,2.0
sharpedo,water,dark,70,120,40,95,40,95,215,115.0,0.6757425742574258,0.1162790697674418,1.0,2.0,0.5,0.5,1.0,1.0,0.5,1.0,2.0,1.0,2.0,0.5,2.0,2.0,0.5,0.5,2.0,0.5
shedinja,bug,ghost,1,90,45,30,30,40,120,75.5,0.1006600660066006,0.5,1.0,0.5,1.0,2.0,1.0,1.0,0.5,0.5,1.0,0.5,4.0,1.0,1.0,1.0,1.0,1.0,0.5,0.5
shiftry,grass,dark,90,100,60,90,60,80,190,165.0,0.4867986798679868,0.0526315789473684,1.0,0.5,2.0,0.5,1.0,1.0,0.5,0.5,2.0,0.5,2.0,0.25,2.0,2.0,0.5,0.5,0.5,0.5
shiinotic,grass,fairy,60,45,80,90,100,30,135,210.0,0.0404290429042904,-0.3333333333333333,1.0,0.25,2.0,0.5,1.0,1.0,2.0,0.5,2.0,0.5,1.0,0.5,2.0,1.0,1.0,2.0,0.25,1.0
shuckle,bug,rock,20,10,230,10,230,5,20,470.0,0.0024752475247524,0.0,1.0,1.0,1.0,2.0,1.0,2.0,0.25,0.5,0.5,1.0,2.0,2.0,1.0,0.5,1.0,2.0,0.25,0.5
sigilyph,psychic,flying,72,58,80,103,80,97,161,196.0,0.7095709570957096,-0.2795031055900621,1.0,1.0,1.0,2.0,0.5,1.0,4.0,2.0,1.0,1.0,0.5,2.0,0.5,1.0,1.0,1.0,0.25,1.0
silvally,normal,,95,95,95,95,95,95,190,237.5,0.6757425742574258,0.0,1.0,1.0,1.0,1.0,1.0,1.0,1.0,1.0,1.0,1.0,1.0,1.0,0.5,1.0,1.0,1.0,0.5,1.0
simipour,water,,75,98,63,98,63,101,196,163.5,0.7813531353135313,0.0,1.0,2.0,0.5,0.5,1.0,1.0,1.0,1.0,2.0,1.0,1.0,1.0,2.0,1.0,0.5,1.0,2.0,1.0
simisage,grass,,75,98,63,98,63,101,196,163.5,0.7813531353135313,0.0,1.0,0.5,2.0,0.5,1.0,1.0,1.0,0.5,2.0,0.5,1.0,0.5,2.0,1.0,0.5,1.0,0.5,1.0
simisear,fire,,75,98,63,98,63,101,196,163.5,0.7813531353135313,0.0,1.0,0.5,0.5,2.0,1.0,2.0,1.0,1.0,1.0,1.0,1.0,2.0,0.5,1.0,0.5,1.0,2.0,1.0
sinistcha,grass,ghost,71,60,106,121,80,70,181,221.5,0.3729372937293729,-0.3370165745856354,1.0,0.5,2.0,0.5,1.0,1.0,1.0,0.5,2.0,0.5,2.0,0.5,2.0,2.0,0.5,0.5,0.5,1.0
sirfetchd,fighting,,62,135,95,68,82,65,203,208.0,0.3085808580858086,0.3300492610837438,2.0,1.0,1.0,1.0,1.0,2.0,1.0,0.5,1.0,0.5,0.5,0.5,2.0,1.0,1.0,2.0,1.0,0.5
skarmory,steel,flying,65,80,140,40,70,70,120,242.5,0.3729372937293729,0.3333333333333333,1.0,0.5,0.5,2.0,0.25,2.0,2.0,1.0,1.0,1.0,1.0,2.0,1.0,1.0,1.0,1.0,0.25,2.0
skeledirge,fire,ghost,104,75,100,110,75,66,185,227.0,0.3325082508250825,-0.1891891891891892,1.0,0.5,0.5,2.0,1.0,2.0,1.0,1.0,1.0,1.0,2.0,2.0,0.5,2.0,0.5,0.5,2.0,1.0
skuntank,poison,dark,103,93,67,71,61,84,164,179.5,0.5247524752475248,0.1341463414634146,1.0,1.0,1.0,2.0,1.0,1.0,0.5,0.5,0.5,1.0,2.0,0.5,0.5,1.0,1.0,0.5,1.0,1.0
slaking,normal,,150,160,100,95,65,100,255,240.0,0.7533003300330033,0.2549019607843137,1.0,1.0,1.0,1.0,1.0,1.0,1.0,1.0,1.0,1.0,1.0,1.0,0.5,1.0,1.0,1.0,0.5,1.0
slither-wing,bug,fighting,85,135,79,85,105,81,220,226.5,0.5115511551155115,0.2272727272727272,2.0,0.5,1.0,2.0,1.0,2.0,0.5,0.25,1.0,0.25,1.0,0.5,2.0,0.5,1.0,4.0,0.5,0.25
slowbro,water,psychic,95,75,110,100,80,30,175,237.5,0.0404290429042904,-0.1428571428571428,1.0,2.0,0.5,0.5,1.0,1.0,2.0,2.0,2.0,1.0,0.5,1.0,2.0,1.0,0.5,1.0,1.0,1.0
slowking,water,psychic,95,75,80,100,110,30,175,237.5,0.0404290429042904,-0.1428571428571428,1.0,2.0,0.5,0.5,1.0,1.0,2.0,2.0,2.0,1.0,0.5,1.0,2.0,1.0,0.5,1.0,1.0,1.0
slurpuff,fairy,,82,80,86,85,75,72,165,202.0,0.4059405940594059,-0.0303030303030303,1.0,0.5,1.0,1.0,1.0,1.0,2.0,1.0,1.0,1.0,1.0,1.0,1.0,1.0,2.0,2.0,0.5,1.0
smeargle,normal,,55,20,35,20,45,75,40,107.5,0.4298679867986799,0.0,1.0,1.0,1.0,1.0,1.0,1.0,1.0,1.0,1.0,1.0,1.0,1.0,0.5,1.0,1.0,1.0,0.5,1.0
sneasler,fighting,poison,80,130,60,40,80,120,170,180.0,0.9191419141914192,0.5294117647058824,2.0,1.0,1.0,2.0,1.0,2.0,1.0,0.25,0.5,0.5,0.5,0.5,1.0,0.5,1.0,2.0,1.0,1.0
snorlax,normal,,160,110,65,65,110,30,175,255.0,0.0404290429042904,0.2571428571428571,1.0,1.0,1.0,1.0,1.0,1.0,1.0,1.0,1.0,1.0,1.0,1.0,0.5,1.0,1.0,1.0,0.5,1.0
solgaleo,psychic,steel,137,137,107,113,89,97,250,264.5,0.7095709570957096,0.096,1.0,0.5,0.5,1.0,0.5,2.0,2.0,2.0,1.0,1.0,0.5,1.0,2.0,1.0,1.0,1.0,0.25,2.0
solrock,rock,psychic,90,95,85,55,65,70,150,195.0,0.3729372937293729,0.2666666666666666,1.0,2.0,1.0,1.0,1.0,2.0,1.0,2.0,0.5,2.0,0.5,2.0,1.0,1.0,1.0,1.0,0.25,1.0
spectrier,ghost,,100,65,60,145,80,130,210,190.0,0.9628712871287128,-0.3809523809523809,1.0,1.0,1.0,1.0,1.0,1.0,1.0,1.0,1.0,1.0,2.0,1.0,1.0,2.0,1.0,0.5,1.0,1.0
spidops,bug,,60,79,92,52,86,35,131,208.0,0.0734323432343234,0.2061068702290076,1.0,0.5,1.0,2.0,1.0,1.0,0.5,0.5,1.0,0.5,2.0,1.0,1.0,0.5,1.0,2.0,0.5,0.5
spinda,normal,,60,60,60,60,60,60,120,150.0,0.2599009900990099,0.0,1.0,1.0,1.0,1.0,1.0,1.0,1.0,1.0,1.0,1.0,1.0,1.0,0.5,1.0,1.0,1.0,0.5,1.0
spiritomb,ghost,dark,50,92,108,92,108,35,184,241.0,0.0734323432343234,0.0,1.0,1.0,1.0,1.0,1.0,1.0,0.5,1.0,1.0,1.0,4.0,0.5,1.0,4.0,1.0,0.25,1.0,0.5
stakataka,rock,steel,61,131,211,53,101,13,184,342.5,0.0049504950495049,0.4239130434782608,1.0,1.0,0.5,1.0,0.5,4.0,0.5,1.0,0.5,2.0,1.0,2.0,2.0,1.0,1.0,1.0,0.25,2.0
staraptor,normal,flying,85,120,70,50,60,100,170,172.5,0.7533003300330033,0.4117647058823529,1.0,1.0,1.0,2.0,0.5,1.0,2.0,1.0,1.0,1.0,1.0,2.0,0.25,1.0,1.0,1.0,0.25,1.0
starmie,water,psychic,60,75,85,100,85,115,175,200.0,0.8943894389438944,-0.1428571428571428,1.0,2.0,0.5,0.5,1.0,1.0,2.0,2.0,2.0,1.0,0.5,1.0,2.0,1.0,0.5,1.0,1.0,1.0
steelix,steel,ground,75,85,200,55,65,30,140,302.5,0.0404290429042904,0.2142857142857142,1.0,1.0,0.5,0.5,1.0,2.0,1.0,2.0,1.0,1.0,1.0,1.0,4.0,1.0,1.0,1.0,1.0,2.0
stonjourner,rock,,100,125,135,20,20,70,145,205.0,0.3729372937293729,0.7241379310344828,1.0,2.0,1.0,1.0,1.0,2.0,0.5,1.0,0.5,2.0,1.0,2.0,1.0,1.0,1.0,1.0,0.5,1.0
stoutland,normal,,85,110,90,45,90,80,155,222.5,0.4867986798679868,0.4193548387096774,1.0,1.0,1.0,1.0,1.0,1.0,1.0,1.0,1.0,1.0,1.0,1.0,0.5,1.0,1.0,1.0,0.5,1.0
stunfisk,ground,electric,109,66,84,81,99,32,147,237.5,0.0585808580858085,-0.1020408163265306,1.0,2.0,2.0,0.25,1.0,1.0,1.0,2.0,1.0,2.0,1.0,1.0,2.0,1.0,0.5,1.0,2.0,1.0
sudowoodo,rock,,70,100,115,30,65,30,130,215.0,0.0404290429042904,0.5384615384615384,1.0,2.0,1.0,1.0,1.0,2.0,0.5,1.0,0.5,2.0,1.0,2.0,1.0,1.0,1.0,1.0,0.5,1.0
suicune,water,,100,75,115,90,115,85,165,280.0,0.5486798679867987,-0.0909090909090909,1.0,2.0,0.5,0.5,1.0,1.0,1.0,1.0,2.0,1.0,1.0,1.0,2.0,1.0,0.5,1.0,2.0,1.0
sunflora,grass,,75,75,55,105,85,30,180,177.5,0.0404290429042904,-0.1666666666666666,1.0,0.5,2.0,0.5,1.0,1.0,1.0,0.5,2.0,0.5,1.0,0.5,2.0,1.0,0.5,1.0,0.5,1.0
swalot,poison,,100,73,83,73,83,55,146,216.0,0.2153465346534653,0.0,1.0,1.0,1.0,2.0,1.0,1.0,1.0,0.5,0.5,1.0,1.0,1.0,0.5,0.5,1.0,1.0,1.0,2.0
swampert,water,ground,100,110,90,85,90,60,195,230.0,0.2599009900990099,0.1282051282051282,1.0,4.0,0.5,0.25,2.0,1.0,1.0,2.0,2.0,1.0,1.0,1.0,4.0,1.0,0.5,1.0,4.0,1.0
swanna,water,flying,75,87,63,87,63,98,174,163.5,0.7211221122112211,0.0,1.0,2.0,0.5,1.0,0.5,1.0,2.0,1.0,2.0,1.0,1.0,2.0,1.0,1.0,0.5,1.0,1.0,1.0
swellow,normal,flying,60,85,60,75,50,125,160,140.0,0.9455445544554456,0.0625,1.0,1.0,1.0,2.0,0.5,1.0,2.0,1.0,1.0,1.0,1.0,2.0,0.25,1.0,1.0,1.0,0.25,1.0
swoobat,psychic,flying,67,57,55,77,55,114,134,143.5,0.8861386138613861,-0.1492537313432835,1.0,1.0,1.0,2.0,0.5,1.0,4.0,2.0,1.0,1.0,0.5,2.0,0.5,1.0,1.0,1.0,0.25,1.0
sylveon,fairy,,95,65,65,110,130,60,175,242.5,0.2599009900990099,-0.2571428571428571,1.0,0.5,1.0,1.0,1.0,1.0,2.0,1.0,1.0,1.0,1.0,1.0,1.0,1.0,2.0,2.0,0.5,1.0
talonflame,fire,flying,78,81,71,74,69,126,155,179.0,0.9513201320132012,0.0451612903225806,1.0,0.5,0.5,4.0,0.5,2.0,2.0,1.0,1.0,1.0,1.0,4.0,0.25,1.0,0.5,1.0,1.0,1.0
tangrowth,grass,,100,100,125,110,50,50,210,225.0,0.1765676567656765,-0.0476190476190476,1.0,0.5,2.0,0.5,1.0,1.0,1.0,0.5,2.0,0.5,1.0,0.5,2.0,1.0,0.5,1.0,0.5,1.0
tapu-bulu,grass,fairy,70,130,115,85,95,75,215,245.0,0.4298679867986799,0.2093023255813953,1.0,0.25,2.0,0.5,1.0,1.0,2.0,0.5,2.0,0.5,1.0,0.5,2.0,1.0,1.0,2.0,0.25,1.0
tapu-fini,water,fairy,70,75,115,95,130,85,170,280.0,0.5486798679867987,-0.1176470588235294,1.0,1.0,0.5,0.5,1.0,1.0,2.0,1.0,2.0,1.0,1.0,1.0,2.0,1.0,1.0,2.0,1.0,1.0
tapu-koko,electric,fairy,70,115,85,95,75,130,210,195.0,0.9628712871287128,0.0952380952380952,1.0,0.5,2.0,0.5,0.5,1.0,2.0,1.0,1.0,2.0,1.0,1.0,1.0,1.0,1.0,2.0,0.5,1.0
tapu-lele,psychic,fairy,70,85,75,130,115,95,215,225.0,0.6757425742574258,-0.2093023255813953,1.0,0.5,1.0,1.0,1.0,1.0,4.0,2.0,1.0,1.0,0.5,1.0,1.0,1.0,2.0,2.0,0.25,1.0
tauros,normal,,75,100,95,40,70,110,140,202.5,0.8597359735973598,0.4285714285714285,1.0,1.0,1.0,1.0,1.0,1.0,1.0,1.0,1.0,1.0,1.0,1.0,0.5,1.0,1.0,1.0,0.5,1.0
tentacruel,water,poison,80,70,65,80,120,100,150,225.0,0.7533003300330033,-0.0666666666666666,1.0,2.0,0.5,1.0,1.0,1.0,1.0,0.5,1.0,1.0,1.0,1.0,1.0,0.5,0.5,1.0,2.0,2.0
terapagos,normal,,90,65,85,65,85,60,130,215.0,0.2599009900990099,0.0,1.0,1.0,1.0,1.0,1.0,1.0,1.0,1.0,1.0,1.0,1.0,1.0,0.5,1.0,1.0,1.0,0.5,1.0
terrakion,rock,fighting,91,129,90,72,90,108,201,225.5,0.8341584158415841,0.2835820895522388,2.0,2.0,1.0,1.0,1.0,4.0,0.5,0.5,0.5,1.0,0.5,1.0,2.0,1.0,1.0,2.0,0.5,0.5
thievul,dark,,70,58,58,87,92,90,145,185.0,0.6056105610561056,-0.2,1.0,1.0,1.0,1.0,1.0,1.0,0.5,1.0,1.0,1.0,2.0,0.5,1.0,2.0,1.0,0.5,1.0,0.5
throh,fighting,,120,100,85,30,85,45,130,230.0,0.1353135313531353,0.5384615384615384,2.0,1.0,1.0,1.0,1.0,2.0,1.0,0.5,1.0,0.5,0.5,0.5,2.0,1.0,1.0,2.0,1.0,0.5
ting-lu,dark,ground,155,110,125,55,80,45,165,282.5,0.1353135313531353,0.3333333333333333,1.0,2.0,1.0,0.5,2.0,1.0,0.5,2.0,1.0,1.0,2.0,0.5,2.0,2.0,1.0,0.5,2.0,0.5
tinkaton,fairy,steel,85,75,77,70,105,94,145,224.5,0.6534653465346535,0.0344827586206896,1.0,0.25,0.5,1.0,0.5,2.0,2.0,1.0,1.0,1.0,1.0,1.0,2.0,1.0,2.0,2.0,0.25,2.0
toedscruel,ground,grass,80,70,65,80,120,100,150,225.0,0.7533003300330033,-0.0666666666666666,1.0,1.0,2.0,0.25,2.0,1.0,1.0,1.0,2.0,0.5,1.0,0.5,4.0,1.0,0.5,1.0,1.0,1.0
togedemaru,electric,steel,65,98,63,40,73,96,138,168.5,0.6988448844884488,0.4202898550724637,1.0,0.5,1.0,0.5,0.25,2.0,1.0,1.0,1.0,2.0,1.0,1.0,2.0,1.0,0.5,1.0,0.5,2.0
togekiss,fairy,flying,85,50,95,120,115,80,170,252.5,0.4867986798679868,-0.4117647058823529,1.0,0.5,1.0,2.0,0.5,1.0,4.0,1.0,1.0,1.0,1.0,2.0,0.5,1.0,2.0,2.0,0.25,1.0
torkoal,fire,,70,85,140,85,70,20,170,245.0,0.0115511551155115,0.0,1.0,0.5,0.5,2.0,1.0,2.0,1.0,1.0,1.0,1.0,1.0,2.0,0.5,1.0,0.5,1.0,2.0,1.0
torterra,grass,ground,95,109,105,75,85,56,184,237.5,0.2301980198019802,0.1847826086956521,1.0,1.0,2.0,0.25,2.0,1.0,1.0,1.0,2.0,0.5,1.0,0.5,4.0,1.0,0.5,1.0,1.0,1.0
toucannon,normal,flying,80,120,75,75,75,60,195,190.0,0.2599009900990099,0.2307692307692307,1.0,1.0,1.0,2.0,0.5,1.0,2.0,1.0,1.0,1.0,1.0,2.0,0.25,1.0,1.0,1.0,0.25,1.0
toxapex,poison,water,50,63,152,53,142,35,116,319.0,0.0734323432343234,0.0862068965517241,1.0,2.0,0.5,1.0,1.0,1.0,1.0,0.5,1.0,1.0,1.0,1.0,1.0,0.5,0.5,1.0,2.0,2.0
toxicroak,poison,fighting,83,106,65,86,65,85,192,171.5,0.5486798679867987,0.1041666666666666,2.0,1.0,1.0,2.0,1.0,2.0,1.0,0.25,0.5,0.5,0.5,0.5,1.0,0.5,1.0,2.0,1.0,1.0
trevenant,ghost,grass,85,110,76,65,82,56,175,200.5,0.2301980198019802,0.2571428571428571,1.0,0.5,2.0,0.5,1.0,1.0,1.0,0.5,2.0,0.5,2.0,0.5,2.0,2.0,0.5,0.5,0.5,1.0
tropius,grass,flying,99,68,83,72,87,51,140,219.5,0.1963696369636963,-0.0285714285714285,1.0,0.5,2.0,1.0,0.5,1.0,2.0,0.5,2.0,0.5,1.0,1.0,1.0,1.0,0.5,1.0,0.25,1.0
tsareena,grass,,72,120,98,50,98,72,170,232.0,0.4059405940594059,0.4117647058823529,1.0,0.5,2.0,0.5,1.0,1.0,1.0,0.5,2.0,0.5,1.0,0.5,2.0,1.0,0.5,1.0,0.5,1.0
turtonator,fire,dragon,60,78,135,91,85,36,169,250.0,0.0841584158415841,-0.0769230769230769,1.0,0.5,0.5,2.0,1.0,2.0,1.0,1.0,1.0,1.0,1.0,2.0,0.5,1.0,1.0,1.0,1.0,1.0
typhlosion,fire,,78,84,78,109,85,100,193,202.0,0.7533003300330033,-0.1295336787564766,1.0,0.5,0.5,2.0,1.0,2.0,1.0,1.0,1.0,1.0,1.0,2.0,0.5,1.0,0.5,1.0,2.0,1.0
tyranitar,rock,dark,100,134,110,95,100,61,229,260.0,0.2813531353135313,0.1703056768558952,1.0,2.0,1.0,1.0,1.0,2.0,0.25,1.0,0.5,2.0,2.0,1.0,1.0,2.0,1.0,0.5,0.5,0.5
tyrantrum,rock,dragon,82,121,119,69,59,71,190,219.0,0.4001650165016501,0.2736842105263158,1.0,2.0,1.0,1.0,1.0,2.0,0.5,1.0,0.5,2.0,1.0,2.0,1.0,1.0,2.0,1.0,0.25,1.0
umbreon,dark,,95,65,110,60,130,65,125,287.5,0.3085808580858086,0.04,1.0,1.0,1.0,1.0,1.0,1.0,0.5,1.0,1.0,1.0,2.0,0.5,1.0,2.0,1.0,0.5,1.0,0.5
unfezant,normal,flying,80,115,80,65,55,93,180,175.0,0.6485148514851485,0.2777777777777778,1.0,1.0,1.0,2.0,0.5,1.0,2.0,1.0,1.0,1.0,1.0,2.0,0.25,1.0,1.0,1.0,0.25,1.0
unown,psychic,,48,72,48,72,48,48,144,120.0,0.1551155115511551,0.0,1.0,1.0,1.0,1.0,1.0,1.0,2.0,2.0,1.0,1.0,0.5,1.0,1.0,1.0,1.0,1.0,0.5,1.0
ursaluna,ground,normal,130,140,105,45,80,50,185,250.0,0.1765676567656765,0.5135135135135135,1.0,2.0,1.0,0.5,2.0,1.0,1.0,2.0,1.0,1.0,1.0,1.0,1.0,1.0,1.0,1.0,1.0,1.0
uxie,psychic,,75,75,130,75,130,95,150,297.5,0.6757425742574258,0.0,1.0,1.0,1.0,1.0,1.0,1.0,2.0,2.0,1.0,1.0,0.5,1.0,1.0,1.0,1.0,1.0,0.5,1.0
vanilluxe,ice,,71,95,85,110,95,79,205,215.5,0.462046204620462,-0.073170731707317,1.0,0.5,0.5,2.0,1.0,0.5,1.0,1.0,2.0,2.0,1.0,1.0,1.0,1.0,2.0,1.0,0.5,1.0
vaporeon,water,,130,65,60,110,95,65,175,220.0,0.3085808580858086,-0.2571428571428571,1.0,2.0,0.5,0.5,1.0,1.0,1.0,1.0,2.0,1.0,1.0,1.0,2.0,1.0,0.5,1.0,2.0,1.0
veluza,water,psychic,90,102,73,78,65,70,180,183.0,0.3729372937293729,0.1333333333333333,1.0,2.0,0.5,0.5,1.0,1.0,2.0,2.0,2.0,1.0,0.5,1.0,2.0,1.0,0.5,1.0,1.0,1.0
venomoth,bug,poison,70,65,60,90,75,90,155,170.0,0.6056105610561056,-0.1612903225806451,1.0,0.5,1.0,4.0,1.0,1.0,0.5,0.25,0.5,0.5,2.0,1.0,0.5,0.25,1.0,2.0,0.5,1.0
venusaur,grass,poison,80,82,83,100,100,80,182,223.0,0.4867986798679868,-0.0989010989010989,1.0,0.5,2.0,1.0,1.0,1.0,1.0,0.25,1.0,0.5,1.0,0.5,1.0,0.5,0.5,1.0,0.5,2.0
vespiquen,bug,flying,70,80,102,80,102,40,160,239.0,0.1006600660066006,0.0,1.0,0.5,1.0,4.0,0.5,1.0,1.0,0.5,1.0,0.5,2.0,2.0,0.5,0.5,1.0,2.0,0.25,0.5
victini,psychic,fire,100,100,100,100,100,100,200,250.0,0.7533003300330033,0.0,1.0,0.5,0.5,2.0,1.0,2.0,2.0,2.0,1.0,1.0,0.5,2.0,0.5,1.0,0.5,1.0,1.0,1.0
victreebel,grass,poison,80,105,65,100,70,70,205,175.0,0.3729372937293729,0.024390243902439,1.0,0.5,2.0,1.0,1.0,1.0,1.0,0.25,1.0,0.5,1.0,0.5,1.0,0.5,0.5,1.0,0.5,2.0
vikavolt,bug,electric,77,70,90,145,75,43,215,203.5,0.1163366336633663,-0.3488372093023256,1.0,0.5,2.0,1.0,0.5,1.0,0.5,0.5,1.0,1.0,2.0,1.0,1.0,0.5,0.5,2.0,0.5,0.5
vileplume,grass,poison,75,80,85,110,90,50,190,212.5,0.1765676567656765,-0.1578947368421052,1.0,0.5,2.0,1.0,1.0,1.0,1.0,0.25,1.0,0.5,1.0,0.5,1.0,0.5,0.5,1.0,0.5,2.0
virizion,grass,fighting,91,90,72,90,129,108,180,246.5,0.8341584158415841,0.0,2.0,0.5,2.0,0.5,1.0,2.0,1.0,0.25,2.0,0.25,0.5,0.25,4.0,1.0,0.5,2.0,0.5,0.5
vivillon,bug,flying,80,52,50,90,50,89,142,140.0,0.5825082508250825,-0.2676056338028169,1.0,0.5,1.0,4.0,0.5,1.0,1.0,0.5,1.0,0.5,2.0,2.0,0.5,0.5,1.0,2.0,0.25,0.5
volbeat,bug,,65,73,75,47,85,85,120,192.5,0.5486798679867987,0.2166666666666666,1.0,0.5,1.0,2.0,1.0,1.0,0.5,0.5,1.0,0.5,2.0,1.0,1.0,0.5,1.0,2.0,0.5,0.5
volcanion,fire,water,80,110,120,130,90,70,240,250.0,0.3729372937293729,-0.0833333333333333,1.0,1.0,0.25,1.0,1.0,2.0,1.0,1.0,2.0,1.0,1.0,2.0,1.0,1.0,0.25,1.0,4.0,1.0
volcarona,bug,fire,85,60,65,135,105,100,195,212.5,0.7533003300330033,-0.3846153846153846,1.0,0.25,0.5,4.0,1.0,2.0,0.5,0.5,1.0,0.5,2.0,2.0,0.5,0.5,0.5,2.0,1.0,0.5
wailord,water,,170,90,45,90,45,60,180,175.0,0.2599009900990099,0.0,1.0,2.0,0.5,0.5,1.0,1.0,1.0,1.0,2.0,1.0,1.0,1.0,2.0,1.0,0.5,1.0,2.0,1.0
walking-wake,water,dragon,99,83,91,125,83,109,208,223.5,0.844059405940594,-0.2019230769230769,1.0,2.0,0.5,0.5,1.0,1.0,1.0,1.0,2.0,1.0,1.0,1.0,2.0,1.0,1.0,1.0,1.0,1.0
walrein,ice,water,110,80,90,95,90,65,175,235.0,0.3085808580858086,-0.0857142857142857,1.0,1.0,0.25,1.0,1.0,0.5,1.0,1.0,4.0,2.0,1.0,1.0,2.0,1.0,1.0,1.0,1.0,1.0
watchog,normal,,60,85,69,60,69,77,145,168.0,0.4496699669966996,0.1724137931034483,1.0,1.0,1.0,1.0,1.0,1.0,1.0,1.0,1.0,1.0,1.0,1.0,0.5,1.0,1.0,1.0,0.5,1.0
weavile,dark,ice,70,120,65,45,85,125,165,185.0,0.9455445544554456,0.4545454545454545,1.0,0.5,0.5,2.0,1.0,0.5,0.5,1.0,2.0,2.0,2.0,0.5,1.0,2.0,2.0,0.5,0.5,0.5
weezing,poison,,65,90,120,85,70,60,175,222.5,0.2599009900990099,0.0285714285714285,1.0,1.0,1.0,2.0,1.0,1.0,1.0,0.5,0.5,1.0,1.0,1.0,0.5,0.5,1.0,1.0,1.0,2.0
whimsicott,grass,fairy,60,67,85,77,75,116,144,190.0,0.9042904290429042,-0.0694444444444444,1.0,0.25,2.0,0.5,1.0,1.0,2.0,0.5,2.0,0.5,1.0,0.5,2.0,1.0,1.0,2.0,0.25,1.0
whiscash,water,ground,110,78,73,76,71,60,154,199.0,0.2599009900990099,0.0129870129870129,1.0,4.0,0.5,0.25,2.0,1.0,1.0,2.0,2.0,1.0,1.0,1.0,4.0,1.0,0.5,1.0,4.0,1.0
wigglytuff,normal,fairy,140,70,45,85,50,45,155,165.0,0.1353135313531353,-0.0967741935483871,1.0,0.5,1.0,1.0,1.0,1.0,2.0,1.0,1.0,1.0,1.0,1.0,0.5,1.0,2.0,2.0,0.25,1.0
wo-chien,dark,grass,85,85,100,95,135,70,180,277.5,0.3729372937293729,-0.0555555555555555,1.0,0.5,2.0,0.5,1.0,1.0,0.5,0.5,2.0,0.5,2.0,0.25,2.0,2.0,0.5,0.5,0.5,0.5
wobbuffet,psychic,,190,33,58,33,58,33,66,211.0,0.0618811881188118,0.0,1.0,1.0,1.0,1.0,1.0,1.0,2.0,2.0,1.0,1.0,0.5,1.0,1.0,1.0,1.0,1.0,0.5,1.0
wugtrio,water,,35,100,50,50,70,120,150,137.5,0.9191419141914192,0.3333333333333333,1.0,2.0,0.5,0.5,1.0,1.0,1.0,1.0,2.0,1.0,1.0,1.0,2.0,1.0,0.5,1.0,2.0,1.0
wyrdeer,normal,psychic,103,105,72,105,75,65,210,198.5,0.3085808580858086,0.0,1.0,1.0,1.0,1.0,1.0,1.0,2.0,2.0,1.0,1.0,0.5,1.0,0.5,1.0,1.0,1.0,0.25,1.0
xatu,psychic,flying,65,75,70,95,70,95,170,172.5,0.6757425742574258,-0.1176470588235294,1.0,1.0,1.0,2.0,0.5,1.0,4.0,2.0,1.0,1.0,0.5,2.0,0.5,1.0,1.0,1.0,0.25,1.0
xerneas,fairy,,126,131,95,131,98,99,262,256.0,0.7277227722772277,0.0,1.0,0.5,1.0,1.0,1.0,1.0,2.0,1.0,1.0,1.0,1.0,1.0,1.0,1.0,2.0,2.0,0.5,1.0
xurkitree,electric,,83,89,71,173,71,83,262,183.5,0.5206270627062707,-0.3206106870229007,1.0,1.0,2.0,0.5,0.5,1.0,1.0,1.0,1.0,2.0,1.0,1.0,1.0,1.0,0.5,1.0,1.0,1.0
yanmega,bug,flying,86,76,86,116,56,95,192,185.0,0.6757425742574258,-0.2083333333333333,1.0,0.5,1.0,4.0,0.5,1.0,1.0,0.5,1.0,0.5,2.0,2.0,0.5,0.5,1.0,2.0,0.25,0.5
yveltal,dark,flying,126,131,95,131,98,99,262,256.0,0.7277227722772277,0.0,1.0,1.0,1.0,2.0,0.5,1.0,1.0,1.0,1.0,1.0,2.0,1.0,0.5,2.0,1.0,0.5,0.5,0.5
zacian,fairy,,92,120,115,80,115,138,200,276.0,0.9826732673267328,0.2,1.0,0.5,1.0,1.0,1.0,1.0,2.0,1.0,1.0,1.0,1.0,1.0,1.0,1.0,2.0,2.0,0.5,1.0
zamazenta,fighting,,92,120,115,80,115,138,200,276.0,0.9826732673267328,0.2,2.0,1.0,1.0,1.0,1.0,2.0,1.0,0.5,1.0,0.5,0.5,0.5,2.0,1.0,1.0,2.0,1.0,0.5
zangoose,normal,,73,115,60,60,60,90,175,156.5,0.6056105610561056,0.3142857142857143,1.0,1.0,1.0,1.0,1.0,1.0,1.0,1.0,1.0,1.0,1.0,1.0,0.5,1.0,1.0,1.0,0.5,1.0
zapdos,electric,flying,90,90,85,125,90,100,215,220.0,0.7533003300330033,-0.1627906976744186,1.0,1.0,2.0,1.0,0.25,1.0,2.0,1.0,1.0,2.0,1.0,2.0,0.5,1.0,0.5,1.0,0.5,1.0
zarude,dark,grass,105,120,105,70,95,105,190,252.5,0.8094059405940595,0.2631578947368421,1.0,0.5,2.0,0.5,1.0,1.0,0.5,0.5,2.0,0.5,2.0,0.25,2.0,2.0,0.5,0.5,0.5,0.5
zebstrika,electric,,75,100,63,80,63,116,180,163.5,0.9042904290429042,0.1111111111111111,1.0,1.0,2.0,0.5,0.5,1.0,1.0,1.0,1.0,2.0,1.0,1.0,1.0,1.0,0.5,1.0,1.0,1.0
zekrom,dragon,electric,100,150,120,120,100,90,270,270.0,0.6056105610561056,0.1111111111111111,1.0,1.0,2.0,0.5,0.5,1.0,1.0,1.0,1.0,2.0,1.0,1.0,1.0,1.0,1.0,1.0,0.5,1.0
zeraora,electric,,88,112,75,102,80,143,214,199.0,0.9867986798679867,0.0467289719626168,1.0,1.0,2.0,0.5,0.5,1.0,1.0,1.0,1.0,2.0,1.0,1.0,1.0,1.0,0.5,1.0,1.0,1.0
zoroark,dark,,60,105,60,120,60,105,225,150.0,0.8094059405940595,-0.0666666666666666,1.0,1.0,1.0,1.0,1.0,1.0,0.5,1.0,1.0,1.0,2.0,0.5,1.0,2.0,1.0,0.5,1.0,0.5
aegislash-shield,steel,ghost,60,50,140,50,140,60,100,310.0,0.2599009900990099,0.0,0.0,0.5,0.5,0.5,1.0,2.0,1.0,0.0,1.0,2.0,1.0,0.5,2.0,2.0,0.5,0.5,0.25,2.0
basculegion-male,water,ghost,120,112,65,80,75,78,192,200.0,0.4554455445544554,0.1666666666666666,0.0,2.0,0.5,0.5,1.0,2.0,1.0,1.0,2.0,1.0,2.0,0.5,1.0,2.0,1.0,0.5,1.0,1.0
basculegion-female,water,ghost,120,92,65,100,75,78,192,200.0,0.4554455445544554,-0.0416666666666666,0.0,2.0,0.5,0.5,1.0,2.0,1.0,1.0,2.0,1.0,2.0,0.5,1.0,2.0,1.0,0.5,1.0,1.0
darmanitan-standard,fire,,105,140,55,30,55,95,170,162.5,0.6757425742574258,0.6470588235294118,1.0,0.5,0.5,0.5,1.0,0.5,1.0,1.0,1.0,1.0,1.0,0.5,0.5,1.0,1.0,1.0,2.0,1.0
darmanitan-zen,fire,psychic,105,30,105,140,105,55,170,262.5,0.2153465346534653,-0.6470588235294118,1.0,0.5,0.5,0.5,1.0,0.5,2.0,2.0,1.0,1.0,0.5,0.5,0.5,1.0,1.0,0.0,1.0,1.0
darmanitan-galar-standard,ice,,105,140,55,30,55,95,170,162.5,0.6757425742574258,0.6470588235294118,1.0,0.5,0.5,0.5,1.0,0.5,1.0,1.0,2.0,2.0,1.0,1.0,1.0,1.0,2.0,1.0,0.5,1.0
darmanitan-galar-zen,ice,fire,105,160,55,30,55,135,190,162.5,0.9735973597359736,0.6842105263157895,1.0,0.25,0.25,0.25,1.0,0.25,1.0,1.0,2.0,2.0,1.0,0.5,0.5,1.0,2.0,1.0,1.0,1.0
deoxys-normal,psychic,,50,150,50,150,50,150,300,125.0,0.9917491749174916,0.0,1.0,1.0,1.0,1.0,1.0,1.0,2.0,2.0,1.0,1.0,0.5,1.0,1.0,1.0,1.0,0.0,0.5,1.0
deoxys-attack,psychic,,50,180,20,180,20,150,360,65.0,0.9917491749174916,0.0,1.0,1.0,1.0,1.0,1.0,1.0,2.0,2.0,1.0,1.0,0.5,1.0,1.0,1.0,1.0,0.0,0.5,1.0
deoxys-defense,psychic,,50,70,160,70,160,90,140,345.0,0.6056105610561056,0.0,1.0,1.0,1.0,1.0,1.0,1.0,2.0,2.0,1.0,1.0,0.5,1.0,1.0,1.0,1.0,0.0,0.5,1.0
deoxys-speed,psychic,,50,95,90,95,90,180,190,205.0,0.9983498349834984,0.0,1.0,1.0,1.0,1.0,1.0,1.0,2.0,2.0,1.0,1.0,0.5,1.0,1.0,1.0,1.0,0.0,0.5,1.0
dudunsparce-three-segment,normal,,125,100,80,85,75,55,185,217.5,0.2153465346534653,0.081081081081081,1.0,1.0,1.0,1.0,1.0,1.0,1.0,1.0,1.0,1.0,1.0,1.0,0.5,0.0,1.0,1.0,0.5,1.0
eiscue-noice,ice,,75,80,70,65,50,130,145,157.5,0.9628712871287128,0.1034482758620689,1.0,0.5,0.5,0.5,1.0,0.5,1.0,1.0,2.0,2.0,1.0,1.0,1.0,1.0,2.0,1.0,0.5,1.0
enamorus-incarnate,fairy,flying,74,115,70,135,80,106,250,187.0,0.8217821782178217,-0.08,1.0,0.5,1.0,2.0,0.5,1.0,4.0,0.5,1.0,1.0,1.0,1.0,0.5,1.0,1.0,2.0,0.25,1.0
enamorus-therian,fairy,flying,74,115,110,135,100,46,250,247.0,0.1493399339933993,-0.08,1.0,0.5,1.0,2.0,0.5,1.0,4.0,0.5,1.0,1.0,1.0,1.0,0.5,1.0,1.0,2.0,0.25,1.0
giratina-altered,ghost,dragon,150,100,120,100,120,90,200,315.0,0.6056105610561056,0.0,0.0,1.0,1.0,1.0,1.0,1.0,1.0,1.0,1.0,1.0,2.0,0.5,1.0,2.0,2.0,0.5,0.25,0.0
giratina-origin,ghost,dragon,150,120,100,120,100,90,240,275.0,0.6056105610561056,0.0,0.0,1.0,1.0,1.0,1.0,1.0,1.0,1.0,1.0,1.0,2.0,0.5,1.0,2.0,2.0,0.5,0.25,0.0
gourgeist-average,ghost,grass,65,90,122,58,75,84,148,229.5,0.5247524752475248,0.2162162162162162,0.0,0.5,2.0,0.5,1.0,0.5,1.0,0.5,2.0,0.5,2.0,0.25,2.0,2.0,1.0,0.25,0.25,0.5
gourgeist-small,ghost,grass,55,85,122,58,75,99,143,224.5,0.7277227722772277,0.1888111888111888,0.0,0.5,2.0,0.5,1.0,0.5,1.0,0.5,2.0,0.5,2.0,0.25,2.0,2.0,1.0,0.25,0.25,0.5
gourgeist-large,ghost,grass,75,95,122,58,75,69,153,234.5,0.3481848184818482,0.2418300653594771,0.0,0.5,2.0,0.5,1.0,0.5,1.0,0.5,2.0,0.5,2.0,0.25,2.0,2.0,1.0,0.25,0.25,0.5
gourgeist-super,ghost,grass,85,100,122,58,75,54,158,239.5,0.2013201320132013,0.2658227848101265,0.0,0.5,2.0,0.5,1.0,0.5,1.0,0.5,2.0,0.5,2.0,0.25,2.0,2.0,1.0,0.25,0.25,0.5
indeedee-male,psychic,normal,60,65,55,105,95,95,170,180.0,0.6757425742574258,-0.2352941176470588,1.0,1.0,1.0,1.0,1.0,1.0,2.0,2.0,1.0,1.0,0.5,1.0,0.5,0.0,1.0,0.0,0.25,1.0
indeedee-female,psychic,normal,70,55,65,95,105,85,150,205.0,0.5486798679867987,-0.2666666666666666,1.0,1.0,1.0,1.0,1.0,1.0,2.0,2.0,1.0,1.0,0.5,1.0,0.5,0.0,1.0,0.0,0.25,1.0
keldeo-ordinary,water,fighting,91,72,90,129,90,108,201,225.5,0.8341584158415841,-0.2835820895522388,2.0,2.0,0.5,0.5,1.0,4.0,1.0,0.5,2.0,0.5,0.5,0.5,2.0,0.0,1.0,2.0,4.0,0.5
keldeo-resolute,water,fighting,91,72,90,129,90,108,201,225.5,0.8341584158415841,-0.2835820895522388,2.0,2.0,0.5,0.5,1.0,4.0,1.0,0.5,2.0,0.5,0.5,0.5,2.0,0.0,1.0,2.0,4.0,0.5
landorus-incarnate,ground,flying,89,125,90,115,80,101,240,214.5,0.7813531353135313,0.0416666666666666,1.0,2.0,1.0,1.0,1.0,0.5,2.0,2.0,1.0,0.0,1.0,2.0,1.0,1.0,1.0,1.0,0.5,1.0
landorus-therian,ground,flying,89,145,90,105,80,91,250,214.5,0.6320132013201321,0.16,1.0,2.0,1.0,1.0,1.0,0.5,2.0,2.0,1.0,0.0,1.0,2.0,1.0,1.0,1.0,1.0,0.5,1.0
lycanroc-midday,rock,,75,115,65,55,65,112,170,167.5,0.8811881188118812,0.3529411764705882,0.5,2.0,0.5,0.5,1.0,2.0,0.5,1.0,0.5,2.0,1.0,1.0,1.0,1.0,1.0,1.0,0.5,1.0
lycanroc-midnight,rock,,85,115,75,55,75,82,170,192.5,0.5165016501650165,0.3529411764705882,0.5,2.0,0.5,0.5,1.0,2.0,0.5,1.0,0.5,2.0,1.0,1.0,1.0,1.0,1.0,1.0,0.5,1.0
lycanroc-dusk,rock,,75,117,65,55,65,110,172,167.5,0.8597359735973598,0.3604651162790697,0.5,2.0,0.5,0.5,1.0,2.0,0.5,1.0,0.5,2.0,1.0,1.0,1.0,1.0,1.0,1.0,0.5,1.0
maushold-family-of-three,normal,,74,75,70,65,75,111,140,182.0,0.8754125412541254,0.0714285714285714,1.0,1.0,1.0,1.0,1.0,1.0,1.0,1.0,1.0,1.0,1.0,1.0,0.5,0.0,1.0,1.0,0.5,1.0
meloetta-aria,normal,psychic,100,77,77,128,128,90,205,255.0,0.6056105610561056,-0.248780487804878,1.0,1.0,1.0,1.0,1.0,1.0,2.0,2.0,1.0,1.0,0.5,1.0,0.5,0.0,1.0,0.0,0.25,1.0
meloetta-pirouette,normal,fighting,100,128,90,77,77,128,205,217.0,0.9554455445544554,0.248780487804878,2.0,1.0,1.0,1.0,1.0,2.0,1.0,0.5,1.0,0.5,0.5,0.5,1.0,0.0,1.0,2.0,1.0,0.5
meowstic-male,psychic,,74,48,76,83,81,104,131,194.0,0.7978547854785478,-0.2671755725190839,1.0,1.0,1.0,1.0,1.0,1.0,2.0,2.0,1.0,1.0,0.5,1.0,1.0,1.0,1.0,0.0,0.5,1.0
meowstic-female,psychic,,74,48,76,83,81,104,131,194.0,0.7978547854785478,-0.2671755725190839,1.0,1.0,1.0,1.0,1.0,1.0,2.0,2.0,1.0,1.0,0.5,1.0,1.0,1.0,1.0,0.0,0.5,1.0
meowstic-mega,psychic,,74,48,76,143,101,124,191,214.0,0.9389438943894388,-0.4973821989528796,1.0,1.0,1.0,1.0,1.0,1.0,2.0,2.0,1.0,1.0,0.5,1.0,1.0,1.0,1.0,0.0,0.5,1.0
mimikyu-busted,ghost,fairy,55,90,80,50,105,96,140,212.5,0.6988448844884488,0.2857142857142857,0.0,0.5,1.0,1.0,1.0,1.0,2.0,0.5,1.0,1.0,2.0,0.25,1.0,2.0,1.0,1.0,0.25,1.0
minior-red-meteor,rock,flying,60,60,100,60,100,60,120,230.0,0.2599009900990099,0.0,0.5,2.0,0.5,1.0,0.5,2.0,1.0,1.0,0.5,2.0,1.0,2.0,0.5,1.0,1.0,1.0,0.25,1.0
morpeko-hangry,electric,dark,58,95,58,70,58,97,165,145.0,0.7095709570957096,0.1515151515151515,1.0,0.5,2.0,0.5,1.0,2.0,0.5,1.0,0.0,2.0,2.0,1.0,1.0,2.0,1.0,0.5,1.0,0.5
oinkologne-male,normal,,110,100,75,59,80,65,159,210.0,0.3085808580858086,0.2578616352201258,1.0,1.0,1.0,1.0,1.0,1.0,1.0,1.0,1.0,1.0,1.0,1.0,0.5,0.0,1.0,1.0,0.5,1.0
oinkologne-female,normal,,115,90,70,59,90,65,149,217.5,0.3085808580858086,0.2080536912751678,1.0,1.0,1.0,1.0,1.0,1.0,1.0,1.0,1.0,1.0,1.0,1.0,0.5,0.0,1.0,1.0,0.5,1.0
oricorio-baile,fire,flying,75,70,70,98,70,93,168,177.5,0.6485148514851485,-0.1666666666666666,1.0,0.5,0.5,1.0,0.5,0.5,2.0,1.0,1.0,1.0,1.0,1.0,0.25,1.0,1.0,1.0,1.0,1.0
oricorio-pom-pom,electric,flying,75,70,70,98,70,93,168,177.5,0.6485148514851485,-0.1666666666666666,1.0,0.5,2.0,1.0,0.5,2.0,2.0,1.0,0.0,2.0,1.0,2.0,0.5,1.0,1.0,1.0,1.0,1.0
oricorio-pau,psychic,flying,75,70,70,98,70,93,168,177.5,0.6485148514851485,-0.1666666666666666,1.0,1.0,1.0,2.0,0.5,1.0,4.0,2.0,1.0,1.0,0.5,2.0,0.5,1.0,1.0,0.0,0.25,1.0
oricorio-sensu,ghost,flying,75,70,70,98,70,93,168,177.5,0.6485148514851485,-0.1666666666666666,0.0,1.0,1.0,2.0,0.5,1.0,2.0,1.0,1.0,1.0,2.0,1.0,0.5,2.0,1.0,0.5,0.25,1.0
palafin-hero,water,,100,160,97,106,87,100,266,234.0,0.7533003300330033,0.2030075187969924,1.0,2.0,0.5,0.5,1.0,2.0,1.0,1.0,2.0,1.0,1.0,1.0,1.0,1.0,1.0,1.0,2.0,1.0
pyroar-male,fire,normal,86,68,72,109,66,106,177,181.0,0.8217821782178217,-0.231638418079096,1.0,0.5,0.5,0.5,1.0,0.5,1.0,1.0,1.0,1.0,1.0,0.5,0.25,0.0,1.0,1.0,1.0,1.0
pyroar-mega,fire,normal,86,88,92,129,86,126,217,221.0,0.9513201320132012,-0.1889400921658986,1.0,0.5,0.5,0.5,1.0,0.5,1.0,1.0,1.0,1.0,1.0,0.5,0.25,0.0,1.0,1.0,1.0,1.0
shaymin-land,grass,,100,100,100,100,100,100,200,250.0,0.7533003300330033,0.0,1.0,0.5,2.0,0.5,1.0,0.5,1.0,0.5,2.0,0.5,1.0,0.5,2.0,1.0,1.0,0.5,0.5,0.5
shaymin-sky,grass,flying,100,103,75,120,75,127,223,200.0,0.9537953795379538,-0.0762331838565022,1.0,0.5,2.0,1.0,0.5,0.5,2.0,0.5,2.0,0.5,1.0,1.0,1.0,1.0,1.0,0.5,0.25,0.5
squawkabilly-blue-plumage,normal,flying,82,96,51,45,51,92,141,143.0,0.6402640264026402,0.3617021276595745,1.0,1.0,1.0,2.0,0.5,1.0,2.0,1.0,1.0,1.0,1.0,2.0,0.25,0.0,1.0,1.0,0.25,1.0
tatsugiri-droopy,dragon,water,68,50,60,120,95,82,170,189.0,0.5165016501650165,-0.4117647058823529,1.0,2.0,0.5,0.5,1.0,2.0,1.0,1.0,2.0,1.0,1.0,1.0,1.0,1.0,2.0,1.0,1.0,0.0
thundurus-incarnate,electric,flying,79,115,70,125,80,111,240,189.5,0.8754125412541254,-0.0416666666666666,1.0,0.5,2.0,1.0,0.5,2.0,2.0,1.0,0.0,2.0,1.0,2.0,0.5,1.0,1.0,1.0,1.0,1.0
thundurus-therian,electric,flying,79,105,70,145,80,101,250,189.5,0.7813531353135313,-0.16,1.0,0.5,2.0,1.0,0.5,2.0,2.0,1.0,0.0,2.0,1.0,2.0,0.5,1.0,1.0,1.0,1.0,1.0
tornadus-incarnate,flying,,79,115,70,125,80,111,240,189.5,0.8754125412541254,-0.0416666666666666,1.0,1.0,1.0,2.0,0.5,1.0,2.0,1.0,1.0,1.0,1.0,2.0,0.5,1.0,1.0,1.0,0.5,1.0
tornadus-therian,flying,,79,100,80,110,90,121,210,209.5,0.9282178217821784,-0.0476190476190476,1.0,1.0,1.0,2.0,0.5,1.0,2.0,1.0,1.0,1.0,1.0,2.0,0.5,1.0,1.0,1.0,0.5,1.0
toxtricity-low-key,electric,poison,75,98,70,114,70,75,212,177.5,0.4298679867986799,-0.0754716981132075,1.0,0.5,2.0,1.0,1.0,2.0,1.0,0.5,0.0,2.0,1.0,2.0,0.5,0.5,1.0,1.0,0.0,2.0
urshifu-single-strike,fighting,dark,100,130,100,63,60,97,193,210.0,0.7095709570957096,0.3471502590673575,2.0,1.0,1.0,1.0,1.0,2.0,0.5,0.5,1.0,0.5,1.0,0.5,2.0,0.0,1.0,1.0,1.0,0.25
urshifu-rapid-strike,fighting,water,100,130,100,63,60,97,193,210.0,0.7095709570957096,0.3471502590673575,2.0,2.0,0.5,0.5,1.0,4.0,1.0,0.5,2.0,0.5,0.5,0.5,2.0,0.0,1.0,2.0,4.0,0.5
urshifu-single-strike-gmax,fighting,dark,100,130,100,63,60,97,193,210.0,0.7095709570957096,0.3471502590673575,2.0,1.0,1.0,1.0,1.0,2.0,0.5,0.5,1.0,0.5,1.0,0.5,2.0,0.0,1.0,1.0,1.0,0.25
urshifu-rapid-strike-gmax,fighting,water,100,130,100,63,60,97,193,210.0,0.7095709570957096,0.3471502590673575,2.0,2.0,0.5,0.5,1.0,4.0,1.0,0.5,2.0,0.5,0.5,0.5,2.0,0.0,1.0,2.0,4.0,0.5
wishiwashi-school,water,,45,140,130,140,135,30,280,287.5,0.0404290429042904,0.0,1.0,2.0,0.5,0.5,1.0,2.0,1.0,1.0,2.0,1.0,1.0,1.0,1.0,1.0,1.0,1.0,2.0,1.0
wormadam-plant,bug,grass,60,59,85,79,105,36,138,220.0,0.0841584158415841,-0.144927536231884,1.0,0.25,2.0,1.0,1.0,0.5,0.5,0.25,2.0,0.25,2.0,0.5,2.0,0.5,1.0,1.0,0.25,0.25
wormadam-sandy,bug,ground,60,79,105,59,85,36,138,220.0,0.0841584158415841,0.144927536231884,1.0,1.0,1.0,1.0,2.0,0.5,0.5,1.0,1.0,0.0,2.0,1.0,2.0,0.5,1.0,2.0,0.5,0.5
wormadam-trash,bug,steel,60,69,95,69,95,36,138,220.0,0.0841584158415841,0.0,2.0,0.25,0.5,1.0,1.0,2.0,0.5,0.0,1.0,1.0,1.0,1.0,2.0,0.5,0.5,2.0,0.25,1.0
zygarde-50,dragon,ground,108,100,121,81,95,95,181,270.0,0.6757425742574258,0.1049723756906077,1.0,2.0,1.0,0.5,2.0,0.5,1.0,2.0,1.0,0.0,1.0,1.0,2.0,1.0,2.0,1.0,0.5,0.0
